\f0\fs24 \cf0 source,text,created_at,retweet_count,favorite_count,is_retweet,id_str\
Twitter for iPhone,Wow! All of our priorities have made it into the final NDAA: Pay Raise for our Troops Rebuilding our Military Paid Parental Leave Border Security and Space Force! Congress \'96 don\'92t delay this anymore! I will sign this historic defense legislation immediately!,12/11/2019 15:17,15048,56418,FALSE,1204782262912503808\
Twitter for iPhone,\'93Zero evidence that any law was broken. They\'92re not even alleging that a law was broken. This is an abuse of the Constitution. It is using Impeachment as a campaign tool.\'94 @SenTedCruz,12/11/2019 14:59,12321,42060,FALSE,1204777624964403200\
Twitter for iPhone,RT @parscale: If the Democrat controlled House does not immediately investigate the FBI abuse found in the IG report it is clear evidence t\'85,12/11/2019 14:41,15172,0,TRUE,1204773195557019648\
Twitter for iPhone,RT @BuckSexton: Now we know the FBI is shockingly incompetent reckless and dumb even when dealing with cases at the highest level of natio\'85,12/11/2019 14:40,15773,0,TRUE,1204773030590910464\
Twitter for iPhone,RT @BuckSexton: Maybe it\'92s worth noting that the guy leading the impeachment charge right now against Trump was- as a matter of established\'85,12/11/2019 14:40,4087,0,TRUE,1204772906363953152\
Twitter for iPhone,RT @BuckSexton: The absurd pretense that Democrats in Congress are impeaching Trump because of \'93the Constitution\'94 and not their rage at Tru\'85,12/11/2019 14:39,4237,0,TRUE,1204772717058240513\
Twitter for iPhone,RT @BuckSexton: Let\'92s all be very clear: what Nadler implied today is unless Trump is impeached and removed from office we should all exp\'85,12/11/2019 14:38,6722,0,TRUE,1204772336211238912\
Twitter for iPhone,RT @BuckSexton: It\'92s really innovative how Adam Schiff and Jerry Nadler plan to protect the sanctity of our elections by insisting the last\'85,12/11/2019 14:37,5154,0,TRUE,1204772320004464642\
Twitter for iPhone,RT @ByronYork: Horowitz fallout. AG Bill Barr to NBC: 'I think our nation was turned on its head for three years based on a completely bogu\'85,12/11/2019 14:36,9021,0,TRUE,1204772070929899522\
Twitter for iPhone,RT @BuckSexton: Quite an odd thing for Democrats and media to pat themselves on the back for perpetrating a Russia-collusion hoax for 3 yea\'85,12/11/2019 14:36,3726,0,TRUE,1204772006350200841\
Twitter for iPhone,RT @MZHemingway: Can't get over how IG report showed the DOJ/FBI knew dossier was complete bunk by January 2017 and yet they kept suggestin\'85,12/11/2019 14:28,13125,0,TRUE,1204769882220445698\
Twitter for iPhone,RT @RepAndyBiggsAZ: As @Jim_Jordan reminds us Democrats forget the facts.They forget we have the call transcript.They forget the two m\'85,12/11/2019 14:27,4870,0,TRUE,1204769579404288000\
Twitter for iPhone,RT @TeamTrump: WATCH: Democrat Counsel @danielsgoldman refuses to answer if he\'92s communicated with the Whistleblower https://t.co/uwodrELm9Z,12/11/2019 14:26,5135,0,TRUE,1204769522894483456\
Twitter for iPhone,RT @SaraCarterDC: #HorowitzReport:We should be able to question everything these officials have done not just with regard to President T\'85,12/11/2019 14:25,5580,0,TRUE,1204769281545818117\
Twitter for iPhone,RT @RepMarkMeadows: THREAD: You will probably see plenty of spin and headlines today claiming the FBI is exonerated in this report. That is\'85,12/11/2019 14:25,12115,0,TRUE,1204769214743142402\
Twitter for iPhone,RT @dbongino: After reading through the IG report I offer this advice - if you\'92re even considering working for a GOP political campaign in\'85,12/11/2019 14:25,10431,0,TRUE,1204769138972987393\
Twitter for iPhone,RT @marklevinshow: Utter abuse of power https://t.co/T8ZP2feyjO,12/11/2019 14:25,3755,0,TRUE,1204769070551379968\
Twitter for iPhone,RT @JennaEllisEsq: The Dems are trying to minimize the IG Report but the real story is that it\'92s VERY DAMAGING. @FoxFriendsFirst https://t\'85,12/11/2019 14:24,2123,0,TRUE,1204769044341112833\
Twitter for iPhone,RT @JennaEllisEsq: You\'92re witnessing the Democratic Party self-destruct. #ImpeachmentSham,12/11/2019 14:24,2639,0,TRUE,1204768937566752770\
Twitter for iPhone,RT @JennaEllisEsq: In the Dems\'92 crazytown the President should be impeached for:,,,,,
\f1 \uc0\u9989 ,,,,,,
\f0 Setting foreign policy,,,,,,
\f1 \uc0\u9989 ,,,,,,
\f0 Ensuring foreign aid was not us\'85,12/11/2019 14:24,2466,0,TRUE,1204768869769977857\,
Twitter for iPhone,RT @SenTedCruz: What\'92s happening in the House has become an absolute circus. A show trial. A propaganda trial. When the Senate takes up Dem\'85,12/11/2019 14:23,3983,0,TRUE,1204768797074345986\
Twitter for iPhone,RT @realDonaldTrump: Shifty Schiff a totally corrupt politician made up a horrible and fraudulent statement read it to Congress and sai\'85,12/11/2019 14:23,33435,0,TRUE,1204768733329338369\
Twitter for iPhone,RT @JennaEllisEsq: .@realDonaldTrump has been pushing Do-Nothing-Dems to bring the USMCA to a vote for A YEAR.For Nancy to claim this is\'85,12/11/2019 14:23,2506,0,TRUE,1204768680502059010\
Twitter for iPhone,RT @jasoninthehouse: Jason Chaffetz: The damage James Comey did to our country the drama and expense is truly breathtakinghttps://t.co/e\'85,12/11/2019 14:23,4636,0,TRUE,1204768588936208384\
Twitter for iPhone,RT @JennaEllisEsq: The Bee mocking the Dems: \'93We have found Trump guilty of absolutely nothing but we already started this whole process a\'85,12/11/2019 14:22,2765,0,TRUE,1204768490479128577\
Twitter for iPhone,RT @JennaEllisEsq: .@realDonaldTrump \'97 Any Democrat who votes for these flimsy articles of impeachment are voting to sacrifice the House ma\'85,12/11/2019 14:22,2547,0,TRUE,1204768332345298944\
Twitter for iPhone,RT @realDonaldTrump: THANK YOU PENNSYLVANIA! With your help your devotion and your drive we are going to keep on working we are going t\'85,12/11/2019 14:21,26187,0,TRUE,1204768235566063623\
Twitter for iPhone,RT @JennaEllisEsq: This is a joke. In the real legal world opposing parties would have at least 10 days (plus requests for extensions) for\'85,12/11/2019 14:20,2761,0,TRUE,1204767856795246593\
Twitter for iPhone,RT @realDonaldTrump: The Real Deal! https://t.co/jUXHPU85PQ,12/11/2019 14:19,22470,0,TRUE,1204767704147791878\
Twitter for iPhone,They were just upset that I demanded they pay their fair share for NATO. Their countries are delinquent. I raised $530 Billion more from NATO countries! Thank you Charles. https://t.co/1klX5GtK8r,12/11/2019 14:19,10345,36735,FALSE,1204767656546619392\
Twitter for iPhone,RT @RepAndyBiggsAZ: ,,,,,
\f1 \uc0\u10145 \u65039 ,,,,,,
\f0  There's BIPARTISAN opposition to impeachment.,,,,,,
\f1 \uc0\u10145 \u65039 ,,,,,,
\f0  Contrary to the Democrats' claims there's no COMPELLING reason to\'85,12/11/2019 14:15,3135,0,TRUE,1204766714598187010\,
Twitter for iPhone,RT @bennyjohnson: Want to see totalitarianism in America &amp; the silencing of political opposition?Want to see the true destruction of polit\'85,12/11/2019 14:15,8314,0,TRUE,1204766674374873088\
Twitter for iPhone,RT @RepMarkMeadows: I just got out of a nearly 2 hour briefing on the IG report.It is deeply disturbing. Some former FBI and DOJ official\'85,12/11/2019 14:15,23453,0,TRUE,1204766567617253376\
Twitter for iPhone,RT @RepLeeZeldin: \'93The Crossfire Hurricane team failed to inform Department officials of significant information that was available to the\'85,12/11/2019 14:14,3825,0,TRUE,1204766403661840385\
Twitter for iPhone,RT @RepDougCollins: Who ordered subpoenaed phone numbers be connected to members of Congress and journalists? Adam Schiff or Daniel Goldman\'85,12/11/2019 14:14,11911,0,TRUE,1204766369180508160\
Twitter for iPhone,RT @DonaldJTrumpJr: ,,,,,
\f1 \uc0\u55357 \u56613 \u55357 \u56613 \u55357 \u56613 ,,,,,,
\f0  but also very true. Sensenbrenner to Democrat Impeachment Lawyer: 'You Have Made Joe McCarthy Look Like a Piker'\'85,12/11/2019 14:13,4067,0,TRUE,1204766230374240264\,
Twitter for iPhone,RT @KimStrassel: Two biggest IG takeaways so far: --The FBI played the FISA court. The information about what it presented and what it exc\'85,12/11/2019 14:13,13463,0,TRUE,1204766113780961281\
Twitter for iPhone,RT @RepMarkMeadows: You won't see this in headlines because it proves EXACTLY what we've been saying.FBI used knowingly false and dubiou\'85,12/11/2019 14:13,6474,0,TRUE,1204766048702083073\
Twitter for iPhone,RT @RepMarkMeadows: Predictably some media allies of Democrats spinning hard. This is what the investigation was about pg 361:IG found\'85,12/11/2019 14:12,8042,0,TRUE,1204765974295142400\
Twitter for iPhone,RT @Jim_Jordan: We thought they spied on two Americans we now know it was FOUR. The Inspector General\'92s report confirms what many of us\'85,12/11/2019 14:12,19183,0,TRUE,1204765873778638849\
Twitter for iPhone,RT @ForAmerica: Rep. Gaetz just took a blow torch to the character integrity and testimony of Daniel Goldman. Goldman's eyes tell you ever\'85,12/11/2019 14:11,5396,0,TRUE,1204765756107493376\
Twitter for iPhone,RT @KimStrassel: Woah.  https://t.co/JMLd3z6wrd,12/11/2019 14:11,6590,0,TRUE,1204765680920346625\
Twitter for iPhone,RT @DonaldJTrumpJr: Wow but not at all surprising. Can\'92t let the truth of how insane this whole thing is get to actual Americans. The media\'85,12/11/2019 14:10,12859,0,TRUE,1204765507506839552\
Twitter for iPhone,RT @PressSec: FIVE INDISPUTABLE FACTS:1. No evidence of wrongdoing by @POTUS 2. Ukraine said there was no pressure3. Lethal aid to Ukrai\'85,12/11/2019 14:10,13924,0,TRUE,1204765334059835392\
Twitter for iPhone,RT @DonaldJTrumpJr: IG Report Confirms Schiff Memo Media Praised Was Riddled With Lies https://t.co/CEKpngAVX0,12/11/2019 14:10,6331,0,TRUE,1204765303386910720\
Twitter for iPhone,RT @TomFitton: Mr. Comey stole @realDonaldTrump's confidential FBI records and leaked them. And lied about it to investigators. https://t.c\'85,12/11/2019 14:09,12134,0,TRUE,1204765249456541696\
Twitter for iPhone,RT @RepLeeZeldin: With this disgusting impeachment charade House Democrats have proven themselves guilty of Abuse of Power and Obstruction\'85,12/11/2019 14:09,8403,0,TRUE,1204765134033506305\
Twitter for iPhone,RT @DonaldJTrumpJr: Media Research Center Files FEC Complaint Against Bloomberg News | The Dan Bongino Show https://t.co/eRgl5CkYz6,12/11/2019 14:08,2989,0,TRUE,1204765009395560448\
Twitter for iPhone,RT @DonaldJTrumpJr: He's 100% right to think that. Does anyone actually believe Comey Strozk etc etc acted in good faith towards @realdon\'85,12/11/2019 14:08,8611,0,TRUE,1204764892139606017\
Twitter for iPhone,RT @kimguilfoyle: So much appreciation for the 10s of thousands of great Americans who show up rain or shine to support @realDonaldTrump. T\'85,12/11/2019 14:08,9358,0,TRUE,1204764802641473543\
Twitter for iPhone,RT @EricTrump: Such incredible love and support! #USAUSAUSA ,,,,,
\f1 \uc0\u55356 \u56826 \u55356 \u56824 \u55356 \u56826 \u55356 \u56824 \u55356 \u56826 \u55356 \u56824 ,,,,,,
\f0  https://t.co/1hh8DbcV7r,12/11/2019 13:36,5678,0,TRUE,1204756959859298306\,
Twitter for iPhone,RT @TeamTrump: Overflow crowd outside of the Giant Center in Hershey PA on this cold and rainy night! ,,,,,
\f1 \uc0\u55357 \u56384 \u55356 \u56826 \u55356 \u56824 ,,,,,,
\f0 #TrumpRallyHershey https://t.co\'85,12/11/2019 13:35,4050,0,TRUE,1204756583785410560\,
Twitter for iPhone,RT @CongressmanHice: .@realdonaldtrump never settles for the status quo &amp; #USMCA is no different. With the new trade deal @POTUS is keepi\'85,12/11/2019 13:34,3162,0,TRUE,1204756348430360577\
Twitter for iPhone,RT @CongressmanHice: How @HouseDemocrats run a kangaroo court: Ignore the rules refuse to recognize legitimate objections stream roll the\'85,12/11/2019 13:34,3399,0,TRUE,1204756234517319681\
Twitter for iPhone,RT @VP: Thanks to the leadership of President @realDonaldTrump America is leading in Space! https://t.co/gvwrmZERj9,12/11/2019 13:33,5194,0,TRUE,1204756099179659266\
Twitter for iPhone,RT @GOPChairwoman: While Democrats were pushing impeachment @realDonaldTrump was delivering results for Pennsylvania:*160K new jobs*bil\'85,12/11/2019 13:33,4610,0,TRUE,1204756059312861184\
Twitter for iPhone,RT @DanScavino: President @realDonaldTrump has arrived at the Giant Center in Hershey Pennsylvania for a MASSIVE #MAGARally with great Ame\'85,12/11/2019 13:29,5706,0,TRUE,1204754970513420288\
Twitter for iPhone,RT @Mike_Pence: Electric crowd here tonight in the Keystone State! Pennsylvania and American know that to #KeepAmericaGreat we need FOUR MO\'85,12/11/2019 13:28,2675,0,TRUE,1204754910958542849\
Twitter for iPhone,RT @DanScavino: .@POTUS @realDonaldTrump,,,,,
\f1 \uc0\u55357 \u56586 ,,,,,,
\f0 \'93America is thriving like never before \'97 and ladies and gentlemen of Pennsylvania: THE BEST IS Y\'85,12/11/2019 13:27,4242,0,TRUE,1204754547924754433\,
Twitter for iPhone,RT @GeraldoRivera: Polls in key swing states Michigan Pennsylvania &amp; Wisconsin show @realDonaldTrump crushing any &amp; all Democratic presid\'85,12/11/2019 13:25,7145,0,TRUE,1204754130297851905\
Twitter for iPhone,RT @WhiteHouse: As a private citizen @realDonaldTrump saw that Americans were treated unfairly by NAFTA.He ran for office\'97and won\'97on a p\'85,12/11/2019 13:18,13974,0,TRUE,1204752201295564801\
Twitter Media Studio,https://t.co/ruQBK6gNLL,12/11/2019 3:07,10684,32484,FALSE,1204598465180905475\
Twitter for iPhone,After years of rebuilding OTHER NATIONS we are finally rebuilding OUR NATION. In everything we do we are putting AMERICA FIRST! #KAG2020 https://t.co/sS0Y01MJYd,12/11/2019 1:58,17805,66669,FALSE,1204581262591168518\
Twitter for iPhone,Day after day we are exposing the depravity dishonesty and sickness of the corrupt Washington establishment \'97 and with your help we are going to complete the mission and DRAIN THE SWAMP! #KAG2020 https://t.co/SM5hocqoNi,12/11/2019 1:55,17565,62059,FALSE,1204580389320306691\
Twitter for iPhone,THANK YOU PENNSYLVANIA! With your help your devotion and your drive we are going to keep on working we are going to keep on fighting and we are going to keep ON WINNING! We are ONE movement ONE people ONE family and ONE GLORIOUS NATION UNDER GOD! https://t.co/g64HD9yL9N,12/11/2019 1:47,26187,89591,FALSE,1204578501409554437\
Twitter for iPhone,RT @SecretarySonny: Very encouraged by today\'92s breakthrough on #USMCA \'96 the agreement is a big win for America especially for our farmers\'85,12/10/2019 23:45,4907,0,TRUE,1204547638244319232\
Twitter for iPhone,RT @MikeKellyPA: Promises made promises kept! USMCA is a big win &amp; will further boost America's economy.Thank you to @POTUS @realDonaldT\'85,12/10/2019 23:24,7774,0,TRUE,1204542464398417921\
Twitter for iPhone,RT @WaysandMeansGOP: Ways and Means Republicans @POTUS and @USTradeRep Amb. Lighthizer fought hard and delivered on their promise for an\'85,12/10/2019 23:22,5121,0,TRUE,1204541924666949634\
Twitter for iPhone,RT @RepArrington: After a year of needless delay by @SpeakerPelosi &amp; Democrat leadership we are finally ready to deliver a win for America\'85,12/10/2019 23:22,4427,0,TRUE,1204541906535043072\
Twitter for iPhone,RT @ChuckGrassley: Renegotiating NAFTA was a central campaign promise of Pres Trump and 2day he delivered a historic win for the American p\'85,12/10/2019 23:19,8039,0,TRUE,1204541066042413056\
Twitter for iPhone,RT @USTradeRep: Statement from United States Trade Representative Robert Lighthizerhttps://t.co/1kqSHU3hDq https://t.co/MYZ5C5NQg1,12/10/2019 23:16,4915,0,TRUE,1204540348296392704\
Twitter for iPhone,RT @RepLaHood: The announced agreement on #USMCA is great news! I applaud @realDonaldTrump &amp; @USTradeRep for negotiating a strong agreement\'85,12/10/2019 23:15,3757,0,TRUE,1204540219183136769\
Twitter for iPhone,RT @RepFredKeller: I congratulate President @realDonaldTrump and @HouseGOP leadership in reaching a deal on the #USMCA. The new trade deal\'85,12/10/2019 23:14,6219,0,TRUE,1204540018418577408\
Twitter for iPhone,RT @RepMeuser: (1/2) The #USMCA now looks like it will finally come to the House floor for a vote next week. This agreement as negotiated\'85,12/10/2019 23:14,4379,0,TRUE,1204539848582782977\
Twitter for iPhone,RT @SenatorFischer: Pleased to hear that @realDonaldTrump\'92s administration &amp; House Democrats have reached a deal on #USMCA! This is a major\'85,12/10/2019 23:13,3370,0,TRUE,1204539549654777857\
Twitter for iPhone,RT @RoyBlunt: ,,,,,
\f1 \uc0\u55357 \u57000 \u55357 \u57000 \u55357 \u57000 ,,,,,,
\f0  @POTUS and House Democrats have announced an agreement to move #USMCA forward. My statement here ,,,,,,
\f1 \uc0\u10549 \u65039 ,,,,,,
\f0  https://t.co/Age7TDWf\'85,12/10/2019 23:12,3078,0,TRUE,1204539359032041472\,
Twitter for iPhone,RT @RepAndyBarr: More than a year after President Trump negotiated the North America trade deal it\'92s good to finally see the unnecessary p\'85,12/10/2019 23:08,5483,0,TRUE,1204538374654025728\
Twitter for iPhone,RT @PatrickMcHenry: American workers have waited long enough the time to pass the #USMCA is now. From enabling our economy to continue to\'85,12/10/2019 23:07,3475,0,TRUE,1204538182231977985\
Twitter for iPhone,RT @WaysandMeansGOP: It\'92s time for the U.S. Congress to pass USMCA as soon as possible without further delay to unlock the benefits of th\'85,12/10/2019 23:05,3452,0,TRUE,1204537655603515425\
Twitter for iPhone,RT @RepSmucker: The USMCA is a big win for Pennsylvania and the people of my district!Thanks to @realDonaldTrump and Republican policies\'85,12/10/2019 23:03,6730,0,TRUE,1204537059198656512\
Twitter for iPhone,RT @RepLeeZeldin: Huge win for President Trump getting USMCA over the finish line but most importantly it's a huge win for the American w\'85,12/10/2019 22:57,8319,0,TRUE,1204535757282533376\
Twitter for iPhone,RT @RepTrentKelly: Republicans advocated for #USMCA for months while @SpeakerPelosi pushed the impeachment sham. No more delays. It\'92s time\'85,12/10/2019 22:57,4185,0,TRUE,1204535590173036545\
Twitter for iPhone,RT @RepKevinBrady: I\'92ve been working to pass #USMCA since day one - now that @realDonaldTrump has reached a deal w/ Congress we must pass\'85,12/10/2019 22:56,4059,0,TRUE,1204535412259049472\
Twitter for iPhone,RT @SteveScalise: Republicans pushed for a deal on #USMCA for months while Pelosi wasted time on her impeachment sham.We finally have an\'85,12/10/2019 22:55,9672,0,TRUE,1204535251835314176\
Twitter for iPhone,RT @GOPLeader: The US-Mexico-Canada Agreement is a win for the American worker and has been since the day President Trump signed it over a\'85,12/10/2019 22:54,5416,0,TRUE,1204534855633006592\
Twitter for iPhone,Just had a very good meeting with Foreign Minister Sergey Lavrov and representatives of Russia. Discussed many items including Trade Iran North Korea INF Treaty Nuclear Arms Control and Election Meddling. Look forward to continuing our dialogue in the near future! https://t.co/tHecH9a9ck,12/10/2019 22:51,10294,41773,FALSE,1204534129024491521\
Twitter for iPhone,On my way to Hershey Pennsylvania for a rally. See everyone soon. I love Hershey chocolate! https://t.co/bDUYBK8KRc,12/10/2019 22:36,17993,92660,FALSE,1204530385817939968\
Twitter for iPhone,Just received a briefing on the horrific shootout that took place in Jersey City NJ. Our thoughts &amp; prayers are w/ the victims &amp; their families during this very difficult &amp; tragic time. We will continue to monitor the situation as we assist local &amp; state officials on the ground.,12/10/2019 21:41,14172,67949,FALSE,1204516557730275332\
Twitter for iPhone,Read the Transcripts! \'93us\'94 is a reference to USA not me!,12/10/2019 15:10,16421,73587,FALSE,1204418062214213632\
Twitter for iPhone,Shifty Schiff a totally corrupt politician made up a horrible and fraudulent statement read it to Congress and said those words came from me. He got caught was very embarrassed yet nothing happened to him for committing this fraud. He\'92ll eventually have to answer for this!,12/10/2019 15:07,33435,133724,FALSE,1204417416446373889\
Twitter for iPhone,WITCH HUNT!,12/10/2019 14:56,18957,90280,FALSE,1204414691910410242\
Twitter for iPhone,Nadler just said that I \'93pressured Ukraine to interfere in our 2020 Election.\'94 Ridiculous and he knows that is not true. Both the President &amp; Foreign Minister of Ukraine said many times that there \'93WAS NO PRESSURE.\'94 Nadler and the Dems know this but refuse to acknowledge!,12/10/2019 14:56,21448,81277,FALSE,1204414588650807302\
Twitter for iPhone,Looking like very good Democrat support for USMCA. That would be great for our Country!,12/10/2019 14:35,13475,62987,FALSE,1204409386535473158\
Twitter for iPhone,America\'92s great USMCA Trade Bill is looking good. It will be the best and most important trade deal ever made by the USA. Good for everybody - Farmers Manufacturers Energy Unions - tremendous support. Importantly we will finally end our Country\'92s worst Trade Deal NAFTA!,12/10/2019 14:32,20718,84031,FALSE,1204408551034228737\
Twitter for iPhone,To Impeach a President who has proven through results including producing perhaps the strongest economy in our country\'92s history to have one of the most successful presidencies ever and most importantly who has done NOTHING wrong is sheer Political Madness! #2020Election,12/10/2019 12:37,27828,107965,FALSE,1204379706235203586\
Twitter for iPhone,\'93I can\'92t remember anything quite like this (the I.G. Report).\'94 @brithume @BretBaier,12/10/2019 12:25,11723,47763,FALSE,1204376573341831168\
Twitter for iPhone,I don\'92t know what report current Director of the FBI Christopher Wray was reading but it sure wasn\'92t the one given to me. With that kind of attitude he will never be able to fix the FBI which is badly broken despite having some of the greatest men &amp; women working there!,12/10/2019 12:16,32669,125702,FALSE,1204374382715506690\
Twitter for iPhone,\'93You have to look at the 17 instances of misconduct cited in the Report they are very bad. The FISA Court was clearly taken for a ride on this a failure of the FBI up and fown the chain of command. It\'92s about as strong a medicine as I\'92ve seen in a report of this kind...,12/10/2019 12:02,19274,69412,FALSE,1204370794266185728\
Twitter for iPhone,....in a very long time. The FBI has had some dark day in its past but nothing like this. This was VERY SERIOUS MISCONDUCT ON THE PART OF THE FBI.\'94 @brithume @BretBaier  Are you listening Comey McCabe lovers Lisa &amp; Peter the beautiful Ohr family Brennan Clapper &amp; many more?,12/10/2019 12:02,14757,49497,FALSE,1204370795235074048\
Twitter for iPhone,RT @GovMikeHuckabee: Congrats to @BillHemmer and great move by @FoxNews to put a genuine journalist in that slot. Worked w/ @BillHemmer for\'85,12/10/2019 5:00,9611,0,TRUE,1204264529884041216\
Twitter for iPhone,A great choice. Bill is a winner! https://t.co/yxrB8aDIL9,12/10/2019 4:53,12719,62691,FALSE,1204262826061303808\
Twitter for iPhone,RT @GOPChairwoman: New polling shows @realDonaldTrump surging in PA MI and WI.@KellyannePolls is absolutely right:This illegitimate s\'85,12/10/2019 4:50,12890,0,TRUE,1204262053764055041\
Twitter for iPhone,RT @PressSec: FIVE INDISPUTABLE FACTS:1. No evidence of wrongdoing by @POTUS 2. Ukraine said there was no pressure3. Lethal aid to Ukrai\'85,12/10/2019 4:50,10174,0,TRUE,1204261994473381888\
Twitter for iPhone,RT @GOPChairwoman: Where is Adam Schiff?After lying about his contact with the whistleblower and @realDonaldTrump\'92s call he\'92s nowhere to\'85,12/10/2019 4:49,16170,0,TRUE,1204261865154646016\
Twitter for iPhone,"RT @TeamTrump: Don't let the Impeachment Sham distract from the fact that the Obama FBI was just faulted for numerous ""omissions"" and ""inac\'85",12/10/2019 4:48,12970,0,TRUE,1204261627589283840\
Twitter for iPhone,"RT @WhiteHouse: President @realDonaldTrump shares the incredible story behind the prayer and song ""God Bless America."" https://t.co/WLJUht\'85",12/10/2019 4:48,10265,0,TRUE,1204261462119796736\
Twitter for iPhone,RT @GOPChairwoman: It\'92s official:Under Obama and Biden Comey\'92s FBI used Dem-funded smears to spy on @realDonaldTrump\'92s campaign then br\'85,12/10/2019 4:47,13554,0,TRUE,1204261422768758784\
Twitter for iPhone,RT @GOPChairwoman: You can\'92t make this up:Schiff\'92s Democrat counsel just flat-out refused to discuss how they conducted their partisan in\'85,12/10/2019 4:46,10875,0,TRUE,1204261070296276992\
Twitter for iPhone,"RT @KatrinaPierson: ""He did it pursuant to US policy""??Um who sets U.S. policy other than the President of the United States?They refu\'85",12/10/2019 4:46,9327,0,TRUE,1204261014629494785\
Twitter for iPhone,"RT @WhiteHouse: President @realDonaldTrump on the Department of Justice Inspector General's Report: ""It's a disgrace what's happened with r\'85",12/10/2019 4:44,12678,0,TRUE,1204260671661182978\
Twitter for iPhone,RT @GeraldoRivera: Now it is clear 1-The #FBI did not fully inform the #FISACourt that the #SteeleDossier was produced &amp; bankrolled by #T\'85,12/10/2019 4:44,11886,0,TRUE,1204260602006388737\
Twitter for iPhone,RT @seanhannity: .@realDonaldTrump on FISA abuse ,,,,,
\f1 \uc0\u55357 \u56391 ,,,,,,
\f0 https://t.co/yFyUygKrwI,12/10/2019 4:44,5695,0,TRUE,1204260463963492353\,
Twitter for iPhone,RT @WhiteHouse: President @realDonaldTrump has asked Congress to pass a federal tax credit to support state-based scholarship programs and\'85,12/10/2019 4:43,9012,0,TRUE,1204260314377805825\
Twitter for iPhone,RT @realDonaldTrump: The Real Deal! https://t.co/jUXHPU85PQ,12/9/2019 17:27,19330,0,TRUE,1204090124272898049\
Twitter for iPhone,Read the Transcripts!,12/9/2019 15:47,23660,115421,FALSE,1204065132894142469\
Twitter for iPhone,True! https://t.co/1seRjQ11ru,12/9/2019 15:25,15617,57806,FALSE,1204059465860964353\
Twitter for iPhone,The Do Nothing Democrats are a disgrace! https://t.co/BlaAqsiw8z,12/9/2019 15:20,19449,71788,FALSE,1204058273172856832\
Twitter for iPhone,The best Economy ever! https://t.co/Ql8f16uGXD,12/9/2019 15:15,19774,74816,FALSE,1204057010192420864\
Twitter for iPhone,Witch Hunt! https://t.co/XrJSUsm9Wq,12/9/2019 15:11,14022,52774,FALSE,1204056037684383746\
Twitter for iPhone,The Real Deal! https://t.co/jUXHPU85PQ,12/9/2019 5:07,21987,70328,FALSE,1203904036862345216\
Twitter for iPhone,Witch Hunt! https://t.co/JIJk7l5TAX,12/9/2019 5:05,12388,43059,FALSE,1203903535412338691\
Twitter for iPhone,Let our great soldiers fight! https://t.co/qBGdF9sVnJ,12/9/2019 5:04,14642,57397,FALSE,1203903346324709376\
Twitter for iPhone,RT @DanScavino: #ImpeachmentSHAM #SchiffShow https://t.co/RlqXgqO49H,12/9/2019 5:02,7604,0,TRUE,1203902768018284544\
Twitter for iPhone,RT @realDonaldTrump: https://t.co/11nzKwOCtU,12/9/2019 4:59,201923,0,TRUE,1203902012859006976\
Twitter for iPhone,RT @DanScavino: The Do Nothing Dems will keep their games going on in THE SWAMP well into 2020 because they hate Trump and they think it he\'85,12/9/2019 4:56,8776,0,TRUE,1203901275131252736\
Twitter for iPhone,RT @DanScavino: https://t.co/cfuW0h9PRr,12/9/2019 4:54,12109,0,TRUE,1203900697126805504\
Twitter for iPhone,AMERICA FIRST! https://t.co/dOU1MK1Lwu,12/9/2019 4:52,15353,59461,FALSE,1203900269827952640\
Twitter for iPhone,RT @DanScavino: CONGRATS Bryce Mitchell (@ThugnastyMMA)! #UFCDC #UFCWashington cc: @realDonaldTrumpWAIT FOR IT.....https://t.co/KPcInakf\'85,12/9/2019 4:48,19034,0,TRUE,1203899262104420353\
Twitter for iPhone,\'93The Democrats have thrown a wrecking ball at our Democracy.\'94 @MariaBartiromo,12/9/2019 4:43,14168,60556,FALSE,1203897969478635520\
Twitter for iPhone,\'93No president in American history has been treated like this.\'94 @marklevinshow,12/9/2019 1:37,25488,117690,FALSE,1203851127189594113\
Twitter for iPhone,RT @WhiteHouse: Yesterday President @realDonaldTrump delivered remarks at the Israeli American Council National Summit. https://t.co/jEP6p\'85,12/9/2019 1:33,8889,0,TRUE,1203850206170812418\
Twitter for iPhone,RT @ByronYork: Are journalists concerned about release of John Solomon's phone records? Some have tried to make him an outcast journalist.\'85,12/8/2019 23:28,9743,0,TRUE,1203818544686866433\
Twitter for iPhone,RT @DevinNunes: CNN Hits Three-Year Ratings Low Amid Impeachment Drama - #goodnightVienna \uc0\u8294 @DailyCaller\u8297   https://t.co/8BxDAKxKeb,12/8/2019 23:27,14151,0,TRUE,1203818341321838592\
Twitter for iPhone,RT @DailyCaller: Speaker Pelosi Claimed To \'91Resent\'92 The Word \'91Hate.\'92 She Once Said GOP Were \'91Paralyzed With Hatred\'92 Of Clinton. https://t.c\'85,12/8/2019 23:26,6429,0,TRUE,1203818062069321729\
Twitter for iPhone,RT @DailyCaller: CNN Receives Bad TV Rating For Speaker Pelosi Town Hall https://t.co/YxzzHljJAK,12/8/2019 23:26,6633,0,TRUE,1203818043492720640\
Twitter for iPhone,RT @DailyCaller: The FISA Report Is Finally Coming. Here\'92s What To Know About It. https://t.co/uA97ZmL8yW,12/8/2019 23:25,5356,0,TRUE,1203817865209634817\
Twitter for iPhone,RT @DailyCaller: Dana Bash Puts Nadler On The Spot With His Own Statements On Partisan Impeachment https://t.co/fChR5snz6f,12/8/2019 23:22,5744,0,TRUE,1203817075833262080\
Twitter for iPhone,RT @DailyCaller: Nunes: FBI Withheld Exculpatory Information On Carter Page From FISA Court https://t.co/v30Epau5aZ,12/8/2019 23:21,7015,0,TRUE,1203817008489480192\
Twitter for iPhone,RT @DailyCaller: Joe Biden Claims Ignorance On His Son\'92s Conflicts Of Interest With Burisma https://t.co/wH8ZJElF4p,12/8/2019 23:21,6157,0,TRUE,1203816842223071236\
Twitter for iPhone,.CNN is a ratings disaster. Lost all credibility! https://t.co/SKnLFNTGzU,12/8/2019 23:20,14853,57726,FALSE,1203816658508435456\
Twitter for iPhone,RT @DevinNunes: Dems busted again on their Watergate fantasies... with \uc0\u8294 @marthamaccallum\u8297  https://t.co/x9RlLvLAOe,12/8/2019 23:19,10684,0,TRUE,1203816385949908999\
Twitter for iPhone,RT @DevinNunes: Thx @dbongino https://t.co/chbunruVUh,12/8/2019 23:19,7822,0,TRUE,1203816292362412032\
Twitter for iPhone,RT @tracybeanz: Reading @DevinNunes lawsuit against @cnn. It\'92s something. This is how it started but the facts in here are incontrovertibl\'85,12/8/2019 23:18,9070,0,TRUE,1203816127819853824\
Twitter for iPhone,RT @MariaBartiromo: Rep. Nunes says he will pursue legal action on release of phone records https://t.co/flF3cxPg4G  @SundayFutures @FoxNew\'85,12/8/2019 23:18,7497,0,TRUE,1203816066138431494\
Twitter for iPhone,RT @DevinNunes: Great interview by \uc0\u8294 @newtgingrich\u8297  with \u8294 @LeeSmithDC\u8297   https://t.co/sqV7AafjET,12/8/2019 23:18,4014,0,TRUE,1203816030763716608\
Twitter for iPhone,RT @Jim_Jordan: Did @RepAdamSchiff mislead the American people AGAIN?https://t.co/GOnVlzCsRW,12/8/2019 23:17,10121,0,TRUE,1203815791172444162\
Twitter for iPhone,RT @Jim_Jordan: While Democrats are focused on undoing the 2016 election President Trump is doing what he said.Able-bodied adults withou\'85,12/8/2019 23:16,14691,0,TRUE,1203815726521475075\
Twitter for iPhone,RT @RepArrington: The #SchiffShow is finally over. With @SpeakerPelosi choosing to continue this impeachment charade I\'92m confident my co\'85,12/8/2019 23:15,6677,0,TRUE,1203815389165215744\
Twitter for iPhone,"RT @GOPLeader: Speaker Pelosi: ""An impeachment is not a pleasant experience. It can be divisive. We don't take any glee in this at all.""A\'85",12/8/2019 23:15,15629,0,TRUE,1203815316364681216\
Twitter for iPhone,RT @SteveScalise: Every scam Dems have run against @realDonaldTrump\'97from Mueller to bribery\'97has failed.They have no case for impeachment.\'85,12/8/2019 23:14,8998,0,TRUE,1203815231002165252\
Twitter for iPhone,RT @RepAndyBiggsAZ: Republicans are working day and night to expose the truth behind the Democrats\'92 radical partisan vindictive efforts t\'85,12/8/2019 23:14,5514,0,TRUE,1203815106544570369\
Twitter for iPhone,RT @RepDougCollins: The average American outside of D.C. understands due process. They understand fairness. They do not understand how\'85,12/8/2019 23:14,8063,0,TRUE,1203815095433879552\
Twitter for iPhone,RT @RepChuck: No matter how they try and spin it Dems have been trying to impeach @realDonaldTrump since day 1. Now according to Speaker\'85,12/8/2019 23:13,6000,0,TRUE,1203814941062504449\
Twitter for iPhone,RT @RepAndyBiggsAZ: Promises made promises kept.Today marks the 2nd anniversary of @POTUS @realDonaldTrump's decision to recognize Jerus\'85,12/8/2019 23:12,5429,0,TRUE,1203814742768402433\
Twitter for iPhone,RT @RepAndyBiggsAZ: Democrats' determination to impeach @realDonaldTrump undercuts our responsibility to govern the nation. Instead of focu\'85,12/8/2019 23:12,5377,0,TRUE,1203814553987035143\
Twitter for iPhone,RT @WhiteHouse: As a candidate for President @realDonaldTrump promised to eliminate two old regulations for every new federal regulation i\'85,12/8/2019 23:11,8392,0,TRUE,1203814480590843904\
Twitter for iPhone,RT @RepAndyBiggsAZ: Great to join @EPAAWheeler in this effort. The @realDonaldTrump adminstration is doing an excellent job by streamlining\'85,12/8/2019 23:10,3016,0,TRUE,1203814255130284034\
Twitter for iPhone,RT @RepDougCollins: Chairman Nadler has no choice but to postpone Monday\'92s hearing in the wake of a last-minute document transmission that\'85,12/8/2019 23:10,12908,0,TRUE,1203814192966459392\
Twitter for iPhone,"RT @RepAndyBiggsAZ: ""That is almost no movement either way in more than 6 weeks \'97 a time during which televised impeachment hearings were h\'85",12/8/2019 23:10,3913,0,TRUE,1203814102067564545\
Twitter for iPhone,RT @RepMarkMeadows: All the Democrats have are unproven allegations. Here are the facts:- Call text shows zero link between aid/political\'85,12/8/2019 23:09,8688,0,TRUE,1203813912161984512\
Twitter for iPhone,RT @RepMarkGreen: .@realDonaldTrump is delivering huge wins for our economy. ,,,,,
\f1 \uc0\u9989 ,,,,,,
\f0  Jobs growing an average of 205000/month,,,,,,
\f1 \uc0\u9989 ,,,,,,
\f0  Unemployment at\'85,12/8/2019 23:09,5832,0,TRUE,1203813858260992002\,
Twitter for iPhone,RT @SteveScalise: Adam Schiff is lying to the American people again.He has 3500+ pages of phone records on people\'97including the press\'97th\'85,12/8/2019 23:09,14167,0,TRUE,1203813787847008258\
Twitter for iPhone,RT @GOPLeader: Democrats devised their timeline for impeaching the president a long time ago and they've just been filling it in as they g\'85,12/8/2019 23:08,13112,0,TRUE,1203813650416439297\
Twitter for iPhone,RT @RepAndyBiggsAZ: \'93To summarize: Many Democrats wanted to impeach @realDonaldTrump from the get-go. Frustrated at their inability to get\'85,12/8/2019 23:08,4426,0,TRUE,1203813537287680001\
Twitter for iPhone,RT @RepAndyBiggsAZ: From the individuals who brought you the Russian-Collusion HoaxComes the sequel - the Ukrainian Hoax.Democrats wil\'85,12/8/2019 23:07,10301,0,TRUE,1203813455704272897\
Twitter for iPhone,RT @JudgeJeanine: House Freedom Caucus Chairman @RepAndyBiggsAZ and Congressman @replouiegohmert joined me to discuss the latest round of i\'85,12/8/2019 23:07,4001,0,TRUE,1203813351618482177\
Twitter for iPhone,RT @RepLeeZeldin: Many stubborn facts destroy the Dems\'92 impeachment fairy tale. These top highlights remain key:-Pres Zelensky didn\'92t kno\'85,12/8/2019 23:05,6209,0,TRUE,1203812905860378624\
Twitter for iPhone,"RT @RepMattGaetz: .@RepZoeLofgren called the 1998 impeachment ""fascist."" @RepJerryNadler said it was ""ripping asunder our votes.""@Speaker\'85",12/8/2019 23:05,7055,0,TRUE,1203812805566255105\
Twitter for iPhone,"RT @USNavy: #UPDATE: #USNavy releases names of the Sailors Killed in @NASPCOLA Shooting. ""We feel the loss profoundly and grieve with the f\'85",12/8/2019 23:02,5378,0,TRUE,1203812025639587841\
Twitter for iPhone,RT @CLewandowski_: Thank you @realDonaldTrump for putting American back to work.  Just think how much better it could be if Members of Cong\'85,12/8/2019 23:01,4414,0,TRUE,1203811912200392704\
Twitter for iPhone,RT @CLewandowski_: The House Judiciary Committee's fundamental choice. My latest op-ed just published in The Hill.   https://t.co/6gsJuHG7pK,12/8/2019 23:01,3301,0,TRUE,1203811801965707265\
Twitter for iPhone,RT @DanScavino: CONGRATS Bryce Mitchell (@ThugnastyMMA)! #UFCDC #UFCWashington cc: @realDonaldTrumpWAIT FOR IT.....https://t.co/KPcInakf\'85,12/8/2019 22:59,11906,0,TRUE,1203811425279447047\
Twitter for iPhone,RT @GOPChairwoman: Nancy Pelosi and House Democrats want to impeach @realDonaldTrump simply because they don\'92t like him. All you have to\'85,12/8/2019 22:57,7373,0,TRUE,1203810822708965377\
Twitter for iPhone,What he did is illegal. Schiff is a corrupt politician and a criminal! https://t.co/uLzJY5MjW3,12/8/2019 22:52,22778,74522,FALSE,1203809537653956611\
Twitter for iPhone,RT @WSJ: From @WSJopinion: The effort to sink Justice Brett Kavanaugh\'92s confirmation cries out for investigation write @DavidRivkin and Le\'85,12/8/2019 21:45,3652,0,TRUE,1203792745153880065\
Twitter for iPhone,RT @DavidRivkin: There\'92s nothing about impeachment that turns the president into a ward of the legislature. The Executive Branch has a righ\'85,12/8/2019 21:45,3933,0,TRUE,1203792674999980032\
Twitter for iPhone,RT @howappealing: \'93This Impeachment Subverts the Constitution: It\'92s nakedly political and procedurally defective and so far there\'92s no pub\'85,12/8/2019 21:44,3707,0,TRUE,1203792597380153350\
Twitter for iPhone,"RT @DavidRivkin: The ""whistleblower"" does not have a right to anonymity; at best he would be protected against retaliation in employment. A\'85",12/8/2019 21:44,3823,0,TRUE,1203792439078768646\
Twitter for iPhone,RT @WarRoom2020: Rivkin: Dems are falsely accusing @POTUS of obstruction &amp; bribery this is a political shamLIVE NOW on War Room: Impeach\'85,12/8/2019 21:42,3003,0,TRUE,1203792069417943042\
Twitter for iPhone,\'93This would be the first Impeachment in American history without a specific criminal statute or crime that the president whose impeached would have allegedly committed.\'94 Paul Gigot The Wall Street Journal,12/8/2019 21:41,20764,74745,FALSE,1203791855684599813\
Twitter for iPhone,RT @WarRoom2020: Navarro: Why at the Dem debates do they never talk about China or the economy? Because they don\'92t want to admit President\'85,12/8/2019 21:27,5421,0,TRUE,1203788200428363776\
Twitter for iPhone,RT @WarRoom2020: Schultz: The best evidence in this case came out months ago: the call transcriptLIVE NOW on War Room: Impeachment w/ @Ci\'85,12/8/2019 21:21,3321,0,TRUE,1203786623160336385\
Twitter for iPhone,RT @WarRoom2020: READ: The White House\'92s \'91Bring It On\'92 Letter to House Democrats  #WarRoomImpeachment https://t.co/DllOF476v7,12/8/2019 21:19,5223,0,TRUE,1203786269639282688\
Twitter for iPhone,RT @WarRoom2020: Guardian: Nancy Pelosi is Bungling the Impeachment Inquiry  #WarRoomImpeachment https://t.co/mNkYGagdkJ,12/8/2019 21:19,4836,0,TRUE,1203786146825850882\
Twitter for iPhone,RT @WarRoom2020: FLASHBACK: Media Called Biden-Ukraine Relationship \'91Fishy\'92 in 2014  #WarRoomImpeachment https://t.co/CjDIxLok3Q,12/8/2019 21:18,6541,0,TRUE,1203785981381373952\
Twitter for iPhone,RT @WarRoom2020: OH MY JOBS! \'96\'a0U.S. Economy Adds 266000 Jobs in November  #WarRoomImpeachment https://t.co/gDrgkwm8Zl,12/8/2019 21:17,4054,0,TRUE,1203785660449968129\
Twitter for iPhone,RT @WarRoom2020: Canada Just Lost the Equivalent of 650000 Jobs as Trump\'92s Economy Roars  #WarRoomImpeachment https://t.co/gZK03BpIca,12/8/2019 21:17,6011,0,TRUE,1203785636219633664\
Twitter for iPhone,RT @WarRoom2020: Trump Trounces Obama Approval Rating at Same Point of Presidencies  #WarRoomImpeachment https://t.co/duUE7N9D5p,12/8/2019 21:16,5319,0,TRUE,1203785449896054796\
Twitter for iPhone,RT @WSJopinion: If Adam Schiff were confident in his legal position he\'92d want to put the case to a judge. Yet he seems desperate not to w\'85,12/8/2019 21:12,3576,0,TRUE,1203784518785798146\
Twitter for iPhone,.....American people are supposed to believe that this simply isn\'92t a part of everthing they\'92ve been trying to do for the last three years? I think it is really a hard sell for Nancy Pelosi.\'94 @DanHenninger  The Wall Street Journal,12/8/2019 21:08,8382,31177,FALSE,1203783396972994566\
Twitter for iPhone,\'93The Democrats haven\'92t come up with a smocking gun. Nancy Pelosi by raising this to the level of Impeachment has raised the bar impossibly high. This comes after three years of nonstop investigations of Trump the Russian collusion narrative the Mueller Report &amp; now the.....,12/8/2019 21:08,13608,51320,FALSE,1203783393852493826\
Twitter for iPhone,RT @JennaEllisEsq: THREAD: So I didn\'92t get to finish comments w/ @edhenry today due to the breaking news but here are the two main points:\'85,12/8/2019 20:29,6653,0,TRUE,1203773562739445760\
Twitter for iPhone,RT @JennaEllisEsq: 2. @realDonaldTrump was clear when he said \'93Do US a favor\'94 that he was speaking on behalf of the United States. It is ab\'85,12/8/2019 20:29,5080,0,TRUE,1203773550114553861\
Twitter for iPhone,RT @JennaEllisEsq: The Dems are desperately searching for grounds of impeachment and they have LOST. They have NOTHING.But they ARE afrai\'85,12/8/2019 20:29,4964,0,TRUE,1203773527134023688\
Twitter for iPhone,RT @dbongino: Ted Cruz absolutely ANNIHILATING liberal activist conspiracy theorist and fake news propagandist Chuck Todd. Chuck is the\'85,12/8/2019 20:28,18610,0,TRUE,1203773469835644929\
Twitter for iPhone,RT @JennaEllisEsq: INCREDIBLE. Read the House Judiciary Report! Dems ADMITTING they are:1) Changing the standard of impeachment2) Proce\'85,12/8/2019 20:28,18087,0,TRUE,1203773337366925313\
Twitter for iPhone,RT @AndrewPollackFL: Incredibly dangerous &amp; reckless policies led to my daughter being murdered on the 3rd floor of her high school in Park\'85,12/8/2019 20:27,5502,0,TRUE,1203773235902533632\
Twitter for iPhone,RT @AndrewPollackFL: Thank you \uc0\u8294 @mattgaetz\u8297  for calling the Pensacola shooting for what it is:Terrorism.This should have never happened\'85,12/8/2019 20:27,6328,0,TRUE,1203773134039592961\
Twitter for iPhone,RT @JennaEllisEsq: Even DEMS are now against impeachment! Dems are saying:,,,,,
\f1 \uc0\u10060 ,,,,,,
\f0 Embarrassed for their party,,,,,,
\f1 \uc0\u10060 ,,,,,,
\f0 This is a political impeachment,,,,,,
\f1 \uc0\u10060 ,,,,,,
\f0 \'85,12/8/2019 20:25,8886,0,TRUE,1203772551610208256\,
Twitter for iPhone,RT @nypost: Ted Cruz says Trump has 'authority' to investigate corruption in Ukraine https://t.co/xnJNUpwf1f https://t.co/fmNnbfa5lW,12/8/2019 20:21,4901,0,TRUE,1203771565676138496\
Twitter for iPhone,"RT @thehill: Ted Cruz blasts Trump impeachment inquiry as a ""kangaroo court"" https://t.co/lvtQpTLD0r https://t.co/2DwZO1s9UF",12/8/2019 20:21,3920,0,TRUE,1203771489310380032\
Twitter for iPhone,I.G. report out tomorrow. That will be the big story!,12/8/2019 20:18,26633,105263,FALSE,1203770794024808456\
Twitter for iPhone,\'93I think the Democrats are going to lose many members over this.\'94 @DebbieLesko @edhenry,12/8/2019 20:16,8070,32610,FALSE,1203770221322031113\
Twitter for iPhone,The Wall is going up fast! https://t.co/8tmUsC9oPq,12/8/2019 20:02,11794,51201,FALSE,1203766720856506368\
Twitter for iPhone,RT @AnniePNJ: The first of yesterday\'92s shooting victims has been id\'92d by family as 23yo Joshua Kaleb Watson:  \'93Heavily wounded he made his\'85,12/8/2019 20:01,13233,0,TRUE,1203766454946017281\
Twitter for iPhone,I got NATO countries to pay 530 Billion Dollars a year more and the U.S. less and came home to a Fake News Media that mocked me. Didn\'92t think that was possible!,12/8/2019 19:59,27099,110343,FALSE,1203766159255986178\
Twitter for iPhone,RT @marklevinshow: Don\'92t miss Life Liberty &amp; Levin this Sunday on Fox at 8 PM eastern! For the first time a fabulous full hour with Profe\'85,12/8/2019 19:52,4261,0,TRUE,1203764380355174400\
Twitter for iPhone,RT @marklevinshow: Never take the audience for granted https://t.co/inTx3GJu4l,12/8/2019 19:52,6460,0,TRUE,1203764328274550786\
Twitter for iPhone,RT @marklevinshow: Pelosi's fascistic rule marks her as one of the worst if not the worst Speaker in history. Deceitful lawless unethica\'85,12/8/2019 19:51,13643,0,TRUE,1203764009448673280\
Twitter for iPhone,RT @marklevinshow: Tonight at 8 PM eastern on Fox don\'92t miss Life Liberty &amp; Levin!\'a0 My guest for the full hour is Professor Dershowitz!\'a0\'85,12/8/2019 19:50,6185,0,TRUE,1203763787788095488\
Twitter for iPhone,Great! https://t.co/YEbqKEJBq2,12/8/2019 19:49,4716,18911,FALSE,1203763624570953729\
Twitter for iPhone,RT @marklevinshow: Mediate &amp; Chuck Todd having lied throughout the Russia \'93collusion\'94 BS now lie about Ukraine.And if Todd wants to be th\'85,12/8/2019 19:48,8754,0,TRUE,1203763371063070722\
Twitter for iPhone,RT @marklevinshow: Democrat-controlled Judiciary Committee releases more methane https://t.co/l19iQZNqa5,12/8/2019 19:48,4200,0,TRUE,1203763343187681288\
Twitter for iPhone,RT @DanScavino: \'93THE DEMOCRATS ARE LOSING IT\'94 @JesseBWatters @WattersWorld https://t.co/PUZo1LKLhg,12/8/2019 19:45,6224,0,TRUE,1203762505350361089\
Twitter for iPhone,RT @TVNewsHQ: Watch Fox\'92s @JesseBWatters: \'93The Dems are losing it.. Trump\'92s driving the left crazy! The economy is posting blowout numbers\'85,12/8/2019 19:44,4537,0,TRUE,1203762406536683520\
Twitter for iPhone,Don\'92t get why @FoxNews puts losers on like @RepSwalwell (who got ZERO as presidential candidate before quitting) Pramila Jayapal David Cicilline and others who are Radical Left Haters? The Dems wouldn\'92t let @FoxNews get near their bad ratings debates yet Fox panders. Pathetic!,12/8/2019 19:42,13729,50962,FALSE,1203761720419856387\
Twitter for iPhone,....it\'92s going to go nowhere. They are going to impeach not because they have the evidence but because they hate the president. I think the American people know that this is a waste of time this is Democrats putting on a circus. @SenTedCruz interviewed by Sleepy Eyes Chuck Todd,12/8/2019 17:07,11110,41367,FALSE,1203722736016728064\
Twitter for iPhone,\'93Any president has the authority to investigate corruption. The President himself released the transcript of the call. Now the Democrats have no evidence of a crime and no evidence of violating the law. This is a kangaroo court in the House but it\'92s going to go to the Senate...,12/8/2019 17:07,18425,71643,FALSE,1203722735333134337\
Twitter for iPhone,.@SenTedCruz  \'93The Democrats are now admitting that they can\'92t prove a crime they can\'92t prove a law was violated and here\'92s why. Any president any administration is justified in investigating corruption and there was serious evidence of real corruption concerning Hunter....,12/8/2019 16:50,15549,51673,FALSE,1203718435647176705\
Twitter for iPhone,....Biden on the board of the largest natural gas company in Ukraine getting paid $83000 a month 10 times as much as a board member of @exxonmobil.\'94 Thank you Ted. He also  made a fortune from China and others but zero before his father became V.P. @MeetThePress,12/8/2019 16:50,11549,37326,FALSE,1203718436410540036\
Twitter for iPhone,Less than 48 hours before start of the Impeachment Hearing Hoax on Monday the No Due Process Do Nothing Democrats are believe it or not changing the Impeachment Guidelines because the facts are not on their side. When you can\'92t win the game change the rules!,12/8/2019 15:29,28841,103027,FALSE,1203698074629095425\
Twitter for iPhone,RT @OANN: One America News presents an in-depth report on corruption by former Vice President Joe Biden and his family. Join @NeilWMcCabe\'85,12/8/2019 15:21,6927,0,TRUE,1203696075229552640\
Twitter for iPhone,RT @OANN: In the next for edition of One America News Investigates join @ChanelRion as she interviews several witnesses who debunk Adam Sc\'85,12/8/2019 15:20,7663,0,TRUE,1203695884996939777\
Twitter for iPhone,....with the U.S. Presidential Election in November. North Korea under the leadership of Kim Jong Un has tremendous economic potential but it must denuclearize as promised. NATO China Russia Japan and the entire world is unified on this issue!,12/8/2019 15:17,7987,30854,FALSE,1203695094949457920\
Twitter for iPhone,Kim Jong Un is too smart and has far too much to lose everything actually if he acts in a hostile way. He signed a strong Denuclearization Agreement with me in Singapore. He does not want to void his special relationship with the President of the United States or interfere.... https://t.co/THfOjfB2uE,12/8/2019 15:17,10726,38696,FALSE,1203695081376690177\
Twitter for iPhone,https://t.co/HvENCXZBYe,12/8/2019 5:50,15904,48658,FALSE,1203552490240827392\
Twitter for iPhone,https://t.co/kaiJymPjE9,12/8/2019 5:50,12872,40086,FALSE,1203552426126655488\
Twitter for iPhone,Congratulations to @TitoOrtiz on tonight\'92s huge WIN a Great American Patriot! https://t.co/m4tJpfzVte,12/8/2019 5:47,13349,55507,FALSE,1203551628206510080\
Twitter for iPhone,@KimStrassel \'93Schiff\'92s surveillance (obtaining phone logs) is an unprecedented abuse of power.\'94  To put it mildly. Also it is illegal!,12/7/2019 21:35,7878,17557,FALSE,1203427964135698433\
Twitter for iPhone,RT @KimStrassel: 1) Still waiting for my fellow members of the media to express their deep outrage and alarm that Intelligence Chair Schiff\'85,12/7/2019 21:14,38661,0,TRUE,1203422457039708160\
Twitter for iPhone,RT @KimStrassel: Democrats lecture about dirt-digging even as they abuse their surveillance powers to demand phone records to smear politi\'85,12/7/2019 21:13,17247,0,TRUE,1203422365427752960\
Twitter for iPhone,RT @KimStrassel: I wondered how long it would be before media rushed to defend Schiff's indefensible subpoenas and intimidation of the medi\'85,12/7/2019 21:13,9131,0,TRUE,1203422321060401153\
Twitter for iPhone,RT @KimStrassel: @WSJ Also from my column: Constitutional lawyer David Rivkin makes the case that Schiff has opened himself up lawsuits fro\'85,12/7/2019 21:13,8513,0,TRUE,1203422182015004672\
Twitter for iPhone,RT @KimStrassel: From my new column: \'93There does not appear to be any basis to believe that a congressional committee is authorized to subp\'85,12/7/2019 21:12,16168,0,TRUE,1203422170795237376\
Twitter for iPhone,RT @DanHenninger: Impeachment will be the decisive battle in World War Trump now in its third year with no end in sight writes @DanHennin\'85,12/7/2019 21:04,4429,0,TRUE,1203420085420879872\
Twitter for iPhone,RT @DanHenninger: Pelosi\'92s decision to open the impeachment dam is starting to look like a blunder. Rather than let voters decide Trump\'92s f\'85,12/7/2019 21:04,4906,0,TRUE,1203419925563338752\
Twitter for iPhone,RT @DanHenninger: Nancy Pelosi saw this summer that Adam Schiff\'92s Take Down Trump Show might be more trouble than it was worth for Democrat\'85,12/7/2019 21:03,4356,0,TRUE,1203419745824858112\
Twitter for iPhone,RT @DanHenninger: When Trump called the impeachment show a \'91kangaroo court\'92 he was only half right. All of Washington has become a kangaro\'85,12/7/2019 21:03,4427,0,TRUE,1203419696415924224\
Twitter for iPhone,The United States Secret Service Deputy Assistant Director Anthony Ornato will become my new Deputy Chief of Staff for Operations. I have worked with Tony for 3 years - he will do a fantastic job! Thank you to Dan Walsh for his great service and congratulations to Tony!,12/7/2019 20:21,14215,62791,FALSE,1203409115373981697\
Twitter for iPhone,\'93Not only have the Democrats not advanced key pieces of legislation that would help the economy but the polls especially in early states are showing that voters are tuning out.\'94 @PeteHegseth They don\'92t want our greatest of all presidents impeached!,12/7/2019 19:22,13826,51955,FALSE,1203394299020398594\
Twitter for iPhone,\'93Why re-elect Democrats when you know that this is what they are doing with their majority. Their case is not strong because first it was Russian Collusion then it was obstruction then it was Ukraine now their pivoting back to Russia. Why would they be doing that?\'94 Lisa Booth,12/7/2019 19:10,18339,68948,FALSE,1203391305990193152\
Twitter for iPhone,Our Economy is the envy of the World!,12/7/2019 18:55,23534,128631,FALSE,1203387521402638343\
Twitter for iPhone,Hard to believe but if Nancy Pelosi had put our great Trade Deal with Mexico and Canada USMCA up for a vote long ago our economy would be even better. If she doesn\'92t move quickly it will collapse!,12/7/2019 18:54,21533,79383,FALSE,1203387348274360322\
Twitter for iPhone,The United States will not rest until we bring every American wrongfully detained in Iran and around the world back home to their loved ones! https://t.co/2kWgJhvrtY,12/7/2019 18:51,17492,64968,FALSE,1203386510407602176\
Twitter for iPhone,Taken during the Obama Administration (despite $150 Billion gift) returned during the Trump Administration. Thank you to Iran on a very fair negotiation. See we can make a deal together! https://t.co/rZaY9p8xzV,12/7/2019 17:32,15578,52485,FALSE,1203366688638541826\
Twitter for iPhone,While the world is not doing well economically our Country is doing better perhaps than it has ever done before. Jobs Jobs Jobs!,12/7/2019 17:21,20216,92554,FALSE,1203363921995980801\
Twitter for iPhone,Read the Transcripts! Also see where I say \'93us\'94 (our Country) as opposed to \'93me\'94 (meaning me) and where I then say that the Attorney General (of the United States) will call you. People still remember Schiff\'92s made up and fraudulent version of my conversation. Witch Hunt!,12/7/2019 17:13,24560,100978,FALSE,1203361950308216832\
Twitter for iPhone,RT @WhiteHouse: On National Pearl Harbor Remembrance Day we solemnly reflect on the tragic events of December 7 1941 and honor those who\'85,12/7/2019 15:43,11619,0,TRUE,1203339271656095748\
Twitter for iPhone,RT @TomFitton: Impeachment coup should be frozen until a full investigation is done on Schiff's abuse of power against @RealDonaldTrump in\'85,12/7/2019 3:43,21285,0,TRUE,1203157992520245250\
Twitter for iPhone,RT @TomFitton: FBI has now lost TWICE in federal court in its scheming to hide FBI-Clinton gang conspiracy to try to destroy @realDonaldTr\'85,12/7/2019 3:42,13257,0,TRUE,1203157818917953537\
Twitter for iPhone,RT @JudicialWatch: @TomFitton: Pelosi/Schiff Abuse Worsens FBI \'93Finds\'94 Clinton Emails PLUS 5 NEW JW Lawsuits against DeepState https://t.\'85,12/7/2019 3:42,7603,0,TRUE,1203157723497537537\
Twitter for iPhone,RT @TomFitton: HUGE: Impeachment Abuse Expands--Schiff Implicated in Phone Records Spying Misconduct; COUP Against @RealDonaldTrump Can Sti\'85,12/7/2019 3:39,9598,0,TRUE,1203157075955736576\
Twitter for iPhone,RT @AP_Scoop: SPECIAL EPISODE with the brilliant @MZHemingway on the Russia Collusion Hoax and Kavanaugh.  Watch the full video: https://\'85,12/7/2019 3:38,5250,0,TRUE,1203156885534334977\
Twitter for iPhone,RT @Jim_Jordan: One set of rules for them.A different set for us. https://t.co/dzYPrJ5rRa,12/7/2019 3:34,22450,0,TRUE,1203155867736182784\
Twitter for iPhone,RT @RepMarkMeadows: Speaker Pelosi this morning: \'93The president\'92s actions in taking these things to court... is an obstruction of justice.\'94\'85,12/7/2019 3:33,13061,0,TRUE,1203155589523746816\
Twitter for iPhone,RT @Rasmussen_Poll: Day 2 - @BonginoReport vs. @TheDailyBailDecision: Bongino Report is workin' the refs and yeah we bought it. But nev\'85,12/7/2019 3:30,4583,0,TRUE,1203154885849559041\
Twitter for iPhone,"RT @newsmax: ""Pelosi despises you people who don't live in the coastal areas... They hate you because you brought President Trump to the Pr\'85",12/7/2019 3:23,7944,0,TRUE,1203152962970894336\
Twitter for iPhone,"RT @newsmax: ""I have no idea what the plan is from the Democrats it makes no sense to me. Nancy Pelosi can go on public TV and claim that\'85",12/7/2019 3:19,6994,0,TRUE,1203151921864990720\
Twitter for iPhone,RT @newsmax: Trump economist Steve Moore tells Newsmax TV: Strong jobs data undercuts any impeachment argument https://t.co/2Nk3kFPaJN http\'85,12/7/2019 3:18,4270,0,TRUE,1203151824737452032\
Twitter for iPhone,RT @GrahamLedger: LEDGER REGISTER:Will the partisan political impeachment inquiry of President Trump by the weaponized House of Representa\'85,12/7/2019 3:16,4290,0,TRUE,1203151170593787904\
Twitter for iPhone,RT @alexsalvinews: Fox News confirms 7 hours after @OANN. https://t.co/NYnef34DvU https://t.co/xz2isdb9t0,12/7/2019 3:07,5168,0,TRUE,1203149048162791429\
Twitter for iPhone,RT @OANN: One America News has just launched a live 24/7 365 days a year uninterrupted cable feed on Facebook and it's only $4.99 per mo\'85,12/7/2019 3:06,9345,0,TRUE,1203148801193758722\
Twitter for iPhone,RT @JaySekulow: I am at the #ICC with members of the @ACLJ &amp; @ECLJ\'92s legal team to defend the interests of #American soldiers.Our heroes\'85,12/7/2019 3:06,4993,0,TRUE,1203148690560552960\
Twitter for iPhone,RT @JaySekulow: Radio: Democrat Congressman Calls for Perpetual Impeachment of Donald Trump https://t.co/NjJkHvSkQC,12/7/2019 3:04,4598,0,TRUE,1203148274414292993\
Twitter for iPhone,RT @Jim_Jordan: .@SpeakerPelosi is counting impeachment votes. Here\'92s what President Trump is counting:-266k new jobs-54k in manufacturi\'85,12/7/2019 3:03,30180,0,TRUE,1203148039931801600\
Twitter for iPhone,RT @RepMarkMeadows: Wow. Non-stop impeachment barrage. And America\'92s economy and @realDonaldTrump keep delivering big time wins anyway. htt\'85,12/7/2019 3:03,6589,0,TRUE,1203148019455139840\
Twitter for iPhone,RT @RepMarkMeadows: Washington Democrats are counting impeachment votes. President Trump is counting 266000 new jobs and a 50-year record\'85,12/7/2019 3:02,15994,0,TRUE,1203147859643830272\
Twitter for iPhone,RT @GovRonDeSantis: I just spoke with President @realDonaldTrump regarding the shooting at NAS Pensacola and he reiterated his full support\'85,12/7/2019 3:02,6134,0,TRUE,1203147771685027842\
Twitter for iPhone,RT @CQnow: House Judiciary members\'a0@RepDougCollins and\'a0@RepMattGaetz huddle before the start of the panel's hearing on the impeachment inqu\'85,12/7/2019 3:02,3069,0,TRUE,1203147647512653824\
Twitter for iPhone,Why is the World Bank loaning money to China? Can this be possible? China has plenty of money and if they don\'92t they create it. STOP!,12/7/2019 0:28,35283,134794,FALSE,1203109065070665728\
Twitter for iPhone,Fake News @CNN is reporting that I am \'93still using personal cell phone for calls despite repeated security warnings.\'94 This is totally false information and reporting. I haven\'92t had a personal cell phone for years. Only use government approved and issued phones. Retract!,12/7/2019 0:23,35819,128713,FALSE,1203107693768118273\
Twitter for iPhone,Nadler hasn\'92t had a single fact witness testify! Zero substance\'97Country wants #USMCA and Growth not Impeachment. Polls have tanked on the Do Nothing Democrats!,12/7/2019 0:10,19024,72868,FALSE,1203104561105448960\
Twitter for iPhone,GREAT WORK yesterday by the Senate to support our Historically Black Colleges and Universities! Thank you @BetsyDeVosED @SenAlexander and @SenatorTimScott for your leadership...,12/7/2019 0:06,9440,36348,FALSE,1203103573749436416\
Twitter for iPhone,...This Bill HELPS students get the student aid they need to go to college! STOP the headaches and STOP the PAPERWORK barriers to HIGHER EDUCATION! Congrats to Lamar!,12/7/2019 0:06,6920,26652,FALSE,1203103574781317121\
Twitter for iPhone,Congressman @LanceGooden has done a wonderful job for the people of Texas while supporting our #MAGA Agenda. He continues to protect your very important #2A. Lance is Strong on Crime and the Border he Loves our Great Vets and Military. Lance has my Complete &amp; Total Endorsement!,12/6/2019 23:42,9195,34813,FALSE,1203097476842053635\
Twitter for iPhone,All necessary work has been completed to declare Mexican Cartels terrorist organizations. Statutorily we are ready to do so. However at the request of a man who I like and respect and has worked so well with us President Andres Manuel @LopezObrador_ we....,12/6/2019 23:39,15392,56536,FALSE,1203096598462504961\
Twitter for iPhone,....will temporarily hold off this designation and step up our joint efforts to deal decisively with these vicious and ever-growing organizations!,12/6/2019 23:39,10404,42407,FALSE,1203096599435644928\
Twitter Media Studio,JOBS JOBS JOBS! https://t.co/QCtWgld2RW,12/6/2019 20:19,26537,93601,FALSE,1203046374222237697\
Twitter for iPhone,....The King said that the Saudi people are greatly angered by the barbaric actions of the shooter and that this person in no way shape or form represents the feelings of the Saudi people who love the American people.,12/6/2019 19:18,15330,50578,FALSE,1203030941108711424\
Twitter for iPhone,King Salman of Saudi Arabia just called to express his sincere condolences and give his sympathies to the families and friends of the warriors who were killed and wounded in the attack that took place in Pensacola Florida....,12/6/2019 19:18,20764,75928,FALSE,1203030938663428103\
Twitter for iPhone,RT @RepMattGaetz: NAS Pensacola is a huge source of pride for all of Northwest Florida. It is the home of naval aviation. It is the home of\'85,12/6/2019 18:39,7802,0,TRUE,1203021208490512384\
Twitter for iPhone,Just received a full briefing on the tragic shooting at NAS Pensacola in Florida and spoke to @GovRonDeSantis. My thoughts and prayers are with the victims and their families during this difficult time. We are continuing to monitor the situation as the investigation is ongoing.,12/6/2019 18:16,13604,59081,FALSE,1203015335223447552\
Twitter for iPhone,Without the horror show that is the Radical Left Do Nothing Democrats the Stock Markets and Economy would be even better if that is possible and the Border would be closed to the evil of Drugs Gangs and all other problems! #2020,12/6/2019 16:00,23546,88359,FALSE,1202981139155210241\
Twitter for iPhone,@HeyTammyBruce \'93This seems personal. That it is deeply unfair that has not changed. This has become a matter of their unhinged emotional reaction to a man who has bettered them who has had victory where they have not had victory and has exposed the problem with the Leftists.\'94,12/6/2019 15:46,4307,12677,FALSE,1202977723049795584\
Twitter for iPhone,\'93This is a blowout. Look at these manufacturing numbers a blowout.\'94 @MariaBartiromo,12/6/2019 15:05,16149,69152,FALSE,1202967304725815296\
Twitter for iPhone,@jimcramer \'93This is the best number I\'92ve ever seen in my life.\'94,12/6/2019 15:01,2110,7486,FALSE,1202966294921961472\
Twitter for iPhone,GREAT JOBS REPORT!,12/6/2019 14:57,18076,96069,FALSE,1202965331028971520\
Twitter for iPhone,"RT @BreakingNews: @NBCNews Escambia Co. Sheriff's Office: ""There is no longer an active shooter on NAS Pensacola. The shooter is confirmed\'85",12/6/2019 14:47,4272,0,TRUE,1202962821136433152\
Twitter for iPhone,Stock Markets Up Record Numbers. For this year alone Dow up 18.65% S&amp;P up 24.36% Nasdaq Composite up 29.17%. \'93It\'92s the economy stupid.\'94,12/6/2019 13:16,21106,90067,FALSE,1202939897109192704\
Twitter for iPhone,RT @GOPChairwoman: The Founders began the Constitution with \'93We the People\'94 for a reason.Pelosi wants to negate the votes of 63M American\'85,12/6/2019 12:48,16643,0,TRUE,1202932839534252032\
Twitter for iPhone,RT @IngrahamAngle: A GREAT DAY for @realdonaldtrump. Terrible day for House of Representatives.,12/6/2019 12:47,7666,0,TRUE,1202932662396182529\
Twitter for iPhone,"RT @GOPChairwoman: The audacity of Nancy Pelosi.She just claimed \'93This has absolutely nothing to do with politics.""House Democrats boy\'85",12/6/2019 12:47,17724,0,TRUE,1202932554946486274\
Twitter for iPhone,RT @parscale: The Democrats are right about one thing - someone did abuse their power.But it's not @RealDonaldTrump. It's THEM. Their i\'85,12/6/2019 12:46,14613,0,TRUE,1202932436105084929\
Twitter for iPhone,RT @VP: While Democrats continue their obsession with impeaching President @realDonaldTrump &amp; try to overturn the will of the American peop\'85,12/6/2019 12:46,14476,0,TRUE,1202932337736073216\
Twitter for iPhone,"RT @WhiteHouse: The liberal ""experts"" invited to testify by House Democrats yesterday have had an appetite for impeachment since before Pre\'85",12/6/2019 12:45,6468,0,TRUE,1202932149697073152\
Twitter for iPhone,Do not believe any article or story you read or see that uses \'93anonymous sources\'94 having to do with trade or any other subject. Only accept information if it has an actual living name on it. The Fake News Media makes up many \'93sources say\'94 stories. Do not believe them!,12/6/2019 12:43,38282,154953,FALSE,1202931589833011200\
Twitter for iPhone,Where\'92s the Fake Whistleblower? Where\'92s Whistleblower number 2? Where\'92s the phony informer who got it all wrong?,12/6/2019 3:32,30976,136461,FALSE,1202792805753597952\
Twitter for iPhone,The story today that we are sending 12000 troops to Saudi Arabia is false or to put it more accurately Fake News!,12/6/2019 3:27,27676,108517,FALSE,1202791650726154240\
Twitter for iPhone,https://t.co/nSyY8ysJtp,12/6/2019 0:52,26976,107505,FALSE,1202752543639691268\
Twitter for iPhone,RT @Team_Mitch: Mitch McConnell\'92s memoir \'93The Long Game\'94 is now available in paperback with a new foreword written by President @realDonald\'85,12/6/2019 0:33,5553,0,TRUE,1202747953204645889\
Twitter for iPhone,Republican Approval Rating = 95%. Thank you!,12/5/2019 17:38,29281,164983,FALSE,1202643310835359744\
Twitter for iPhone,Nancy Pelosi just had a nervous fit. She hates that we will soon have 182 great new judges and sooo much more. Stock Market and employment records. She says she \'93prays for the President.\'94 I don\'92t believe her not even close. Help the homeless in your district Nancy. USMCA?,12/5/2019 16:49,50490,191441,FALSE,1202631185052164096\
Twitter for iPhone,THANK YOU! #MAGA,,,,,
\f1 \uc0\u55356 \u56826 \u55356 \u56824 ,,,,,,
\f0  https://t.co/v8KfvhqnXE,12/5/2019 15:47,26758,120325,FALSE,1202615450498224129\,
Twitter for iPhone,The Do Nothing Radical Left Democrats have just announced that they are going to seek to Impeach me over NOTHING. They already gave up on the ridiculous Mueller \'93stuff\'94 so now they hang their hats on two totally appropriate (perfect) phone calls with the Ukrainian President....,12/5/2019 15:11,21279,82035,FALSE,1202606535995731968\
Twitter for iPhone,....This will mean that the beyond important and seldom used act of Impeachment will be used routinely to attack future Presidents. That is not what our Founders had in mind. The good thing is that the Republicans have NEVER been more united. We will win!,12/5/2019 15:11,16978,65369,FALSE,1202606537342160896\
Twitter for iPhone,The Do Nothing Democrats had a historically bad day yesterday in the House. They have no Impeachment case and are demeaning our Country. But nothing matters to them they have gone crazy. Therefore I say if you are going to impeach me do it now fast so we can have a fair....,12/5/2019 13:01,33716,131821,FALSE,1202573673049272320\
Twitter for iPhone,.....trial in the Senate and so that our Country can get back to business. We will have Schiff the Bidens Pelosi and many more testify and will reveal for the first time how corrupt our system really is. I was elected to \'93Clean the Swamp\'94 and that\'92s what I am doing!,12/5/2019 13:01,32466,122381,FALSE,1202573673863008256\
Twitter for iPhone,Tremendous things achieved for U.S. on my NATO trip. Proudly for our Country no President has ever achieved so much in so little time. Without a U.S. increase other countries have already increased by $130 Billion-with $400 Billion soon. Such a thing has never been done before!,12/5/2019 12:20,16923,70348,FALSE,1202563464193032193\
Twitter for iPhone,RT @RepMikeJohnson: I just obtained unanimous consent to enter this into the record.  #shameful #ImpeachmentHearing https://t.co/1MfXE7cIMG,12/5/2019 11:38,15353,0,TRUE,1202552926172004352\
Twitter for iPhone,RT @RepMikeJohnson: Can't wait to tell my kids President @realDonaldTrump (kind of) retweeted me ,,,,,
\f1 \uc0\u55357 \u56838 ,,,,,,
\f0  cc @RepDougCollins https://t.co/zo54qOa7\'85,12/5/2019 11:32,7263,0,TRUE,1202551305178406914\,
Twitter for iPhone,RT @realDonaldTrump: The Fake News Media is doing everything possible to belittle my VERY successful trip to London for NATO. I got along g\'85,12/5/2019 11:28,33982,0,TRUE,1202550406427099136\
Twitter for iPhone,RT @HouseGOP: House Democrats continue to waste the American people\'92s time with their impeachment sham.\'85 ,,,,,
\f1 \uc0\u10060 ,,,,,,
\f0  Passing #USMCAnow,,,,,,
\f1 \uc0\u10060 ,,,,,,
\f0  Securing o\'85,12/5/2019 11:26,7501,0,TRUE,1202549915748052993\,
Twitter for iPhone,When I said in my phone call to the President of Ukraine \'93I would like you to do US a favor though because our country has been through a lot and Ukraine knows a lot about it.\'94 With the word \'93us\'94 I am referring to the United States our Country. I then went on to say that......,12/5/2019 3:50,21729,99817,FALSE,1202435069413117952\
Twitter for iPhone,....\'94I would like to have the Attorney General (of the United States) call you or your people.....\'94 This based on what I have seen is their big point - and it is no point at a all (except for a big win for me!). The Democrats should apologize to the American people!,12/5/2019 3:50,17131,78338,FALSE,1202435070239428608\
Twitter for iPhone,RT @GOPChairwoman: Democrat leaders have no clear vision for America besides trying to steal the 2020 election away from voters though thei\'85,12/5/2019 3:44,10970,0,TRUE,1202433432313311232\
Twitter for iPhone,RT @Morlen4Distrct1: Impeachment Witness: Obama Refused To Give Evidence To Congress https://t.co/0ntL9ZX3pb,12/5/2019 3:39,9357,0,TRUE,1202432346592550913\
Twitter for iPhone,RT @Morlen4Distrct1: Jim Banks Calls On Lindsey Graham To Subpoena Adam Schiff\'92s Phone Records https://t.co/tiGA3RN5wp,12/5/2019 3:36,12362,0,TRUE,1202431607820435456\
Twitter for iPhone,RT @SKennedy1979: Thank you \uc0\u8294 @RepMattGaetz\u8297  for keeping these partisan hacks in check! Somebody has to..no decorum and an absolute free for\'85,12/5/2019 3:35,9580,0,TRUE,1202431321441808384\
Twitter for iPhone,RT @addyvanse_com: Beautiful job! https://t.co/P5htMNpp7n,12/5/2019 3:34,5978,0,TRUE,1202431136678457344\
Twitter for iPhone,RT @SharplyRight: Matt Gaetz is an ABSOLUTE BOSS as he destroys the impeachment witnesses over Democratic donations and bias and slams prof\'85,12/5/2019 3:34,8867,0,TRUE,1202431102616559616\
Twitter for iPhone,RT @realDonaldTrump: Thank you @NATO! #NATOLondon https://t.co/8gJeXZxwpH,12/5/2019 3:01,14167,0,TRUE,1202422667464327168\
Twitter for iPhone,Just read the best Maureen Dowd column in the New York Times EVER (although she treated me great before politics) but it was written by her brother Kevin. Someone in the News Media should hire her wonderful talented and very smart brother! https://t.co/lO9s1qLK8A,12/5/2019 0:03,13500,47347,FALSE,1202377854652043264\
Twitter for iPhone,"RT @RepDougCollins: .@RepGregSteube: ""On the very first day of my swearing in a Democrat in my class called for the impeachment of the pre\'85",12/5/2019 0:01,10277,0,TRUE,1202377388400599040\
Twitter for iPhone,RT @CongressmanHice: .@HouseDemocrats have thrown every accusation at @POTUS @realdonaldtrump they can conjure: \'97 Russian collusion\'97 Obs\'85,12/5/2019 0:01,11604,0,TRUE,1202377378371997697\
Twitter for iPhone,RT @RepMikeJohnson: Democrats are pursuing their hatred for @realDonaldTrump atop the ruins of our public liberty. That is the greatest dan\'85,12/5/2019 0:01,11619,0,TRUE,1202377368142151680\
Twitter for iPhone,RT @GOPLeader: While President Trump is overseas defending the countryDemocrats are in Washington dividing the country. https://t.co/obd0\'85,12/4/2019 23:53,10844,0,TRUE,1202375387042336768\
Twitter for iPhone,RT @RepArmstrongND: Today has been like everything else in the sham impeachment - purposely misleading and not based on the facts. The fact\'85,12/4/2019 23:53,9481,0,TRUE,1202375377349267457\
Twitter for iPhone,.@NATO has now recognized SPACE as an operational domain and the alliance is STRONGER for it. U.S. leadership ensures peace through strength and we must continue to show strength and WIN on all fronts \'96 land air sea and SPACE!,12/4/2019 22:43,16714,68793,FALSE,1202357743408971776\
Twitter for iPhone,The Fake News Media is doing everything possible to belittle my VERY successful trip to London for NATO. I got along great with the NATO leaders even getting them to pay $130 Billion a year more &amp; $400 Billion a year more in 3 years. No increase for U.S. only deep respect!,12/4/2019 22:36,33929,148248,FALSE,1202356032296480768\
Twitter for iPhone,RT @FLOTUS: A minor child deserves privacy and should be kept out of politics. Pamela Karlan you should be ashamed of your very angry and\'85,12/4/2019 22:35,90672,0,TRUE,1202355740939177984\
Twitter for iPhone,RT @RepDougCollins: .@RepMikeJohnson: \'93The greatest danger of this fraudulent impeachment production is not what happens this afternoon or\'85,12/4/2019 22:33,7252,0,TRUE,1202355218119155712\
Twitter for iPhone,RT @SteveScalise: ,,,,,
\f1 \uc0\u55357 \u57000 ,,,,,,
\f0  BREAKING: @RepMattGaetz asked the witnesses in today's sham hearing to raise their hands if they have personal knowledg\'85,12/4/2019 22:33,17440,0,TRUE,1202355201702674432\,
Twitter for iPhone,"RT @RepMattGaetz: ""To all of the witnesses: if you have personal knowledge of a single material fact in the Schiff report please raise you\'85",12/4/2019 22:33,14633,0,TRUE,1202355192387137536\
Twitter for iPhone,RT @RepAndyBiggsAZ: All 3 of the Democrats' law professors came w/ preconceived biases. Two have said for years that various acts by the Pr\'85,12/4/2019 22:33,8824,0,TRUE,1202355183595868160\
Twitter for iPhone,RT @WhiteHouse: Anyone with personal knowledge of a single material fact in the Schiff report? https://t.co/HOIOEsRg9Y,12/4/2019 21:47,11850,0,TRUE,1202343634281959424\
Twitter for iPhone,RT @GOPoversight: .@RepMattGaetz just brought the house down. When will Democrats bring in witnesses with actual first-hand knowledge of\'85,12/4/2019 21:15,14366,0,TRUE,1202335584632524800\
Twitter for iPhone,RT @RepAndyBiggsAZ: ,,,,,
\f1 \uc0\u55357 \u57000 ,,,,,,
\f0  Mic drop from @RepRatcliffe &amp; Jonathan Turley ,,,,,,
\f1 \uc0\u55357 \u57000 \u10145 \u65039 ,,,,,,
\f0  RATCLIFFE: So if I were to summarize your testimony - no bribery\'85,12/4/2019 20:59,12943,0,TRUE,1202331518636457984\,
Twitter for iPhone,RT @HouseGOP: ,,,,,
\f1 \uc0\u55357 \u56570 ,,,,,,
\f0 WATCH: @Jim_Jordan highlights why this is a predetermined impeachment by Democrats. https://t.co/l9EexBKMGe,12/4/2019 20:58,9201,0,TRUE,1202331297298841600\,
Twitter for iPhone,RT @RepDougCollins: .@RepSteveChabot: \'93It would seem\'97since Schiff for example misled the American people on multiple occasions\'97common sen\'85,12/4/2019 20:58,7373,0,TRUE,1202331249534099456\
Twitter for iPhone,RT @RepDougCollins: Turley to Congress: \'93If you impeach a president if you make a high crime &amp; misdemeanor out of going to the courts it\'85,12/4/2019 20:57,17801,0,TRUE,1202331224871563264\
Twitter for iPhone,"RT @WhiteHouse: ""If you impeach a president if you make a high crime and misdemeanor out of going to the courts it is an abuse of power.\'85",12/4/2019 20:57,11036,0,TRUE,1202331147000143872\
Twitter for iPhone,RT @GReschenthaler: I had hoped that my colleagues across the aisle would want to hear all the facts before they undo the 2016 election bu\'85,12/4/2019 20:57,10131,0,TRUE,1202331135436443648\
Twitter for iPhone,RT @KenCalvert: House Democrats have brought Congress to a standstill with their impeachment obsession.,,,,,
\f1 \uc0\u10060 ,,,,,,
\f0  Passage of #USMCA,,,,,,
\f1 \uc0\u10060 ,,,,,,
\f0  Lower Drug P\'85,12/4/2019 20:57,8781,0,TRUE,1202331091425579008\,
Twitter for iPhone,RT @RepDougCollins: Prof. Turley: \'93Impeachments have to be based on proof not presumptions.\'94 https://t.co/sl06UHs5ju,12/4/2019 20:57,8525,0,TRUE,1202331062178734080\
Twitter for iPhone,RT @RepMarkMeadows: Jonathan Turley not a Trump supporter looks at Democrats and delivers one of the most powerful quotes of the hearing\'85,12/4/2019 20:57,17824,0,TRUE,1202331023230435328\
Twitter for iPhone,RT @HouseGOP: As House Democrats kick off another day of their impeachment sham here\'92s a reminder that after two weeks of public testimony\'85,12/4/2019 20:56,7178,0,TRUE,1202330975859953664\
Twitter for iPhone,RT @SteveScalise: WATCH ,,,,,
\f2 \uc0\u8594 ,,,,,,
\f0  Legal expert testifying before Nadler's Judiciary Committee says this would be the first impeachment in history w\'85,12/4/2019 20:56,10110,0,TRUE,1202330916787408896\,
Twitter for iPhone,Thank you @NATO! #NATOLondon https://t.co/8gJeXZxwpH,12/4/2019 16:46,15493,65262,FALSE,1202268055532904448\
Twitter for iPhone,....When today\'92s meetings are over I will be heading back to Washington. We won\'92t be doing a press conference at the close of NATO because we did so many over the past two days. Safe travels to all!,12/4/2019 14:26,10475,49066,FALSE,1202232743876161537\
Twitter for iPhone,....Just finished meetings with Turkey and Germany. Heading to a meeting now with those countries that have met their 2% GOALS followed by meetings with Denmark and Italy....,12/4/2019 14:26,9314,43884,FALSE,1202232741946781697\
Twitter for iPhone,Great progress has been made by NATO over the last three years. Countries other than the U.S. have agreed to pay 130 Billion Dollars more per year and by 2024 that number will be 400 Billion Dollars. NATO will be richer and stronger than ever before....,12/4/2019 14:26,18408,82795,FALSE,1202232739937701888\
Twitter for iPhone,Enjoyed my meeting with Prime Minister @BorisJohnson of the United Kingdom at @10DowningStreet last night. Talked about numerous subjects including @NATO and Trade.,12/4/2019 9:22,12956,62095,FALSE,1202156105297776640\
Twitter for iPhone,RT @RoyalFamily: ,,,,,
\f1 \uc0\u55357 \u56567 ,,,,,,
\f0 An official photograph of Her Majesty The Queen The Prince of Wales NATO Secretary General and Heads of State and Gov\'85,12/4/2019 8:57,9287,0,TRUE,1202150020432060416\,
Twitter for iPhone,RT @TeamTrump: There's no denying that since @realDonaldTrump took office @NATO has been significantly stronger.The president secured $1\'85,12/4/2019 0:14,11151,0,TRUE,1202018285530701829\
Twitter for iPhone,RT @TeamTrump: Tomorrow Democrats will get THREE constitutional lawyers and Republicans will only get ONE!This entire process is unfair\'85,12/4/2019 0:13,12720,0,TRUE,1202017952221974528\
Twitter for iPhone,RT @GOPChairwoman: Thanks to @realDonaldTrump\'92s efforts with #NATO:*$130B in new defense spending*the biggest increase in a generation\'85,12/4/2019 0:12,10249,0,TRUE,1202017895082909696\
Twitter for iPhone,RT @realDonaldTrump: True! https://t.co/Mr1L4Vv3eA,12/3/2019 23:59,15507,0,TRUE,1202014544396111872\
Twitter for iPhone,"RT @Jim_Jordan: ""Jordan: Democrats didn't admit they were wrong about Russia just moved on to Ukraine""@TuckerCarlson https://t.co/l9tUFo\'85",12/3/2019 23:58,12108,0,TRUE,1202014213079621632\
Twitter for iPhone,RT @IvankaTrump: Thank you Sarah! ,,,,,
\f1 \uc0\u10084 \u65039 ,,,,,,
\f0  https://t.co/z613XMrLUx,12/3/2019 23:54,7249,0,TRUE,1202013381055483904\,
Twitter for iPhone,RT @AmericaNewsroom: THE HEADLINER: @Jim_Jordan comments on the Republican reaction to the House Judiciary Committee's witness list for Wed\'85,12/3/2019 23:54,6301,0,TRUE,1202013269990338561\
Twitter for iPhone,Thank you! https://t.co/KDVaYDKZLa,12/3/2019 23:53,12594,65026,FALSE,1202012945607090177\
Twitter for iPhone,RT @kayleighmcenany: Paid family leave is vitally important to the prosperity of our workforce &amp; well-being of our families!@IvankaTrump\'85,12/3/2019 23:40,5988,0,TRUE,1202009716567576576\
Twitter for iPhone,RT @jensstoltenberg: Excellent start to #NATOmeeting in London with President @realDonaldTrump. We are adapting NATO to new challenges &amp; ar\'85,12/3/2019 23:33,5007,0,TRUE,1202007915655094272\
Twitter for iPhone,RT @EsperDoD: It was a pleasure to take part in a breakfast hosted by @POTUS w/@NATO Secretary General @jensstoltenberg to discuss the prog\'85,12/3/2019 23:32,4921,0,TRUE,1202007843102064640\
Twitter for iPhone,RT @Mike_Pence: President @realDonaldTrump has Made America Great Again and now it\'92s time to #KeepAmericaGreat! See you tomorrow Michigan!\'85,12/3/2019 23:31,7287,0,TRUE,1202007494693769216\
Twitter for iPhone,RT @VP: Thanks to President @realDonaldTrump\'92s leadership we\'92re living in the BEST economy in the history of the United States! https://t.\'85,12/3/2019 23:31,10051,0,TRUE,1202007442680246272\
Twitter for iPhone,RT @VP: President @realDonaldTrump has been putting American workers first since day one and when the playing field is level they can comp\'85,12/3/2019 23:31,6972,0,TRUE,1202007403484438529\
Twitter for iPhone,RT @Scavino45: Watching Schiff hold an embarrassing Impeachment Sham press conference in THE SWAMP from my phone while President @realDona\'85,12/3/2019 23:29,8179,0,TRUE,1202007072897826816\
Twitter for iPhone,RT @Jim_Jordan: Doesn\'92t matter what the Dems write. 4 facts will never change:-The call transcript shows no linkage-President Trump and\'85,12/3/2019 23:28,18815,0,TRUE,1202006838637580289\
Twitter for iPhone,RT @Jim_Jordan: Between July 18th when aid was paused and Sept 11th when it was released there were 5 interactions between President Zelen\'85,12/3/2019 23:28,7442,0,TRUE,1202006645749895168\
Twitter for iPhone,RT @Jim_Jordan: 2 of those 5 meetings happened AFTER Ukraine learned aid was paused:-VP Pence met President Zelensky on 9/1-Sens. Johnso\'85,12/3/2019 23:27,6850,0,TRUE,1202006497791578112\
Twitter for iPhone,Too bad. We will miss you Kamala! https://t.co/QQd9SiFc0y,12/3/2019 23:25,20923,115826,FALSE,1202006070438199298\
Twitter for iPhone,RT @GOPLeader: In his pursuit to bring down this president Chairman Adam Schiff has neglected his real responsibilities. Instead of workin\'85,12/3/2019 23:21,1945,0,TRUE,1202004916505432064\
Twitter for iPhone,RT @GOP: \'93We\'92re working on the USMCA. We're trying to get Nancy Pelosi to put it up for a vote\'85 It's a great deal for everybody. So hopeful\'85,12/3/2019 23:20,7677,0,TRUE,1202004587198046208\
Twitter for iPhone,RT @VP: What\'92s happening on Capitol Hill is a disgrace and the fact that it\'92s happening during a @NATO Conference in London is a disservice\'85,12/3/2019 23:19,8485,0,TRUE,1202004346931568640\
Twitter for iPhone,RT @JesseBWatters: The whole thing backfired. If you look at every single swing state impeachment is now under water. #TheFive https://t.co\'85,12/3/2019 23:18,9129,0,TRUE,1202004242031992835\
Twitter for iPhone,RT @WhiteHouse: President @realDonaldTrump just met with Prime Minister @JustinTrudeau of Canada. https://t.co/OqglFETMSE,12/3/2019 17:45,6519,0,TRUE,1201920324234813441\
Twitter for iPhone,RT @WhiteHouse: President @realDonaldTrump just met with President @EmmanuelMacron of France\'97a partner of the United States in many key ven\'85,12/3/2019 16:26,6609,0,TRUE,1201900602890104834\
Twitter for iPhone,RT @WhiteHouse: President Trump has been fighting for increased burden sharing by NATO members and it's working. Over $130 billion in new\'85,12/3/2019 16:26,8714,0,TRUE,1201900459688103936\
Twitter for iPhone,The United States of America supports the brave people of Iran who are protesting for their FREEDOM. We have under the Trump Administration and always will!,12/3/2019 15:33,27239,125023,FALSE,1201887098049089538\
Twitter for iPhone,RT @RepMattGaetz: Nancy Pelosi and other House Democrats overestimated the extent to which whatever allegations they\'92re making about the Uk\'85,12/3/2019 12:43,9382,0,TRUE,1201844376009428992\
Twitter for iPhone,RT @RepMattGaetz: TONIGHT: I'll be on @seanhannity to discuss the latest on impeachment and the upcoming Judiciary hearings this week. TUNE\'85,12/3/2019 12:42,4861,0,TRUE,1201844266961686530\
Twitter for iPhone,RT @willchamberlain: Looks like @DevinNunes and his team did some excellent work hereThis is a robust defense of President TrumpRead th\'85,12/3/2019 12:40,12812,0,TRUE,1201843583936061442\
Twitter for iPhone,RT @DevinNunes: Great as always to be on with @JudgeJeanine https://t.co/XXIj69B81h,12/3/2019 12:39,8490,0,TRUE,1201843448858501120\
Twitter for iPhone,"RT @JudgeJeanine: Author of ""The Plot against The President:The true story behind how Congressman Devin Nunes uncovered the biggest politic\'85",12/3/2019 12:39,8828,0,TRUE,1201843400045142017\
Twitter for iPhone,RT @newtgingrich: In this week\'92s episode of my #podcast I\'92m joined by Lee Smith author of The Plot Against the President. I\'92ve tweeted qu\'85,12/3/2019 12:39,5910,0,TRUE,1201843347356291072\
Twitter for iPhone,True! https://t.co/Mr1L4Vv3eA,12/3/2019 11:09,15507,62104,FALSE,1201820712245383170\
Twitter for iPhone,RT @RepMarkGreen: President Zelensky has repeatedly said there was no pressure to investigate @POTUS @realDonaldTrump's political rivals. A\'85,12/3/2019 2:12,17807,0,TRUE,1201685504003125253\
Twitter for iPhone,RT @DailyMail: Ukraine's President Zelensky renews denial of a quid pro quo with Trump over military aid https://t.co/0OB3JQfJND,12/3/2019 2:10,9578,0,TRUE,1201685194249580544\
Twitter for iPhone,Mini Mike Bloomberg has instructed his third rate news organization not to investigate him or any Democrat but to go after President Trump only. The Failing New York Times thinks that is O.K. because their hatred &amp; bias is so great they can\'92t even see straight. It\'92s not O.K.!,12/2/2019 23:11,32797,126709,FALSE,1201639937268948992\
Twitter for iPhone,RT @CNBC: This year is shaping up to be one of the best ever for investors with nearly every single asset class on track to finish 2019 in\'85,12/2/2019 22:34,7062,0,TRUE,1201630774283386880\
Twitter for iPhone,Just landed in the United Kingdom heading to London for NATO meetings tomorrow. Prior to landing I read the Republicans Report on the Impeachment Hoax. Great job! Radical Left has NO CASE. Read the Transcripts. Shouldn\'92t even be allowed. Can we go to Supreme Court to stop?,12/2/2019 22:30,23815,106117,FALSE,1201629794535923712\
Twitter for iPhone,The Fed should lower rates (there is almost no inflation) and loosen making us competitive with other nations and manufacturing will SOAR! Dollar is very strong relative to others.,12/2/2019 22:21,17448,70987,FALSE,1201627440470212610\
Twitter for iPhone,Manufacturers are being held back by the strong Dollar which is being propped up by the ridiculous policies of the Federal Reserve - Which has called interest rates and quantitative tightening wrong from the first days of Jay Powell!,12/2/2019 21:19,14917,55697,FALSE,1201611943515017216\
Twitter for iPhone,https://t.co/zlfV4MOkom,12/2/2019 20:03,9842,30751,FALSE,1201592702028132358\
Twitter for iPhone,RT @realDonaldTrump: Breaking News: The President of Ukraine has just again announced that President Trump has done nothing wrong with resp\'85,12/2/2019 19:31,32811,0,TRUE,1201584813767045122\
Twitter for iPhone,"RT @thehill: #BREAKING: Ukraine's Zelensky: I never talked to Trump about ""position of a quid pro quo"" https://t.co/1oFG9XWTmj https://t.co\'85",12/2/2019 19:28,8017,0,TRUE,1201583838222340097\
Twitter for iPhone,Thank you to President Zelensky. Case over. The Do Nothing Democrats should finally go back to work! https://t.co/XrJSUsm9Wq,12/2/2019 19:27,16937,56914,FALSE,1201583651252834304\
Twitter for iPhone,RT @WhiteHouse: President @realDonaldTrump and @FLOTUS last traveled to the United Kingdom on a state visit in June 2019. https://t.co/6rwp\'85,12/2/2019 18:45,8997,0,TRUE,1201573031518330885\
Twitter for iPhone,In the 3 decades before my election NATO spending declined by two-thirds and only 3 other NATO members were meeting their financial obligations. Since I took office the number of NATO allies fulfilling their obligations more than DOUBLED and NATO spending increased by $130B!,12/2/2019 18:17,15468,57288,FALSE,1201566010521858048\
Twitter for iPhone,Great job by @RepDougCollins of Georgia over the weekend in representing the Republican Party and myself against the Impeachment Hoax!,12/2/2019 18:12,10556,43340,FALSE,1201564763416907776\
Twitter for iPhone,When Lisa Page the lover of Peter Strzok talks about being \'93crushed\'94 and how innocent she is ask her to read Peter\'92s \'93Insurance Policy\'94 text to her just in case Hillary loses. Also why were the lovers text messages scrubbed after he left Mueller. Where are they Lisa?,12/2/2019 18:07,29935,106434,FALSE,1201563617180733440\
Twitter for iPhone,The Republican Party has NEVER been so united! This Impeachment Scam is just a continuation of the 3 year Witch Hunt but it is only bringing us even closer together!,12/2/2019 17:56,20449,90467,FALSE,1201560862856601600\
Twitter for iPhone,RT @FLOTUS: \'93The Spirit of America\'94 is shining in the @WhiteHouse! I am delighted to share this beautiful exhibit of patriotism for all to\'85,12/2/2019 17:15,42077,0,TRUE,1201550533237985280\
Twitter for iPhone,Not only did I see it @Doks_Art I think it is fantastic. You are a wonderful artist never give up your dream! https://t.co/LVVCUJz5CW,12/2/2019 17:15,31876,115131,FALSE,1201550483120254977\
Twitter for iPhone,Thank you to Great Republican @SenJohnKennedy for the job he did in representing both the Republican Party and myself against Sleepy Eyes Chuck Todd on Meet the Depressed!,12/2/2019 16:47,16655,69135,FALSE,1201543495539806208\
Twitter for iPhone,Thank you to Congressman Ben @Cline4Virginia for the Great remarks this morning on the illegitimate Impeachment Hoax. He understands the Do Nothing Democrats very well. Also and as usual @RepAndyBiggsAZ was fantastic!,12/2/2019 16:43,8619,33619,FALSE,1201542297881432064\
Twitter for iPhone,Heading to Europe to represent our Country and fight hard for the American People while the Do Nothing Democrats purposely scheduled an Impeachment Hoax hearing on the same date as NATO. Not nice! https://t.co/LCXYhoOWF6,12/2/2019 16:02,20102,80306,FALSE,1201532174190571520\
Twitter for iPhone,The Do Nothing Democrats get 3 Constitutional lawyers for their Impeachment hoax (they will need them!) the Republicans get one. Oh that sounds fair!,12/2/2019 14:22,18512,76241,FALSE,1201507027891212288\
Twitter for iPhone,\'93When the law enforcers turn out to be the law breakers then we have totally upended the rule of law. Nobody is safe and everybody is in trouble. Our system of government is under attack.\'94  @GovMikeHuckabee,12/2/2019 14:18,20503,67216,FALSE,1201506031228084227\
Twitter for iPhone,\'93The Democrats don\'92t have any evidence but they are still going to do it anyway. That\'92s the sham that\'92s going on here.\'94  @jasoninthehouse Chaffetz,12/2/2019 14:00,11652,44927,FALSE,1201501394680864770\
Twitter for iPhone,Breaking News: The President of Ukraine has just again announced that President Trump has done nothing wrong with respect to Ukraine and our interactions or calls. If the Radical Left Democrats were sane which they are not it would be case over!,12/2/2019 13:53,32783,122531,FALSE,1201499577645449216\
Twitter for iPhone,\'93The United States has outperformed the rest of the world in an eye popping fashion. I don\'92t think we\'92ve seen numbers like that.\'94 Mohamed El-Erian Allianz Chief Economic Adviser. But despite this there is tremendous potential for growth far greater than most have understood!,12/2/2019 12:35,13646,53066,FALSE,1201480029265367040\
Twitter for iPhone,\'93The American people are going to see this for what it is. It is a political effort by the Democrats and the President certainly doesn\'92t have to aid in the Impeachment effort.\'94 Robert Ray @MariaBartiromo  Democrats are getting \'93killed\'94 in their home districts. 2020!,12/2/2019 12:20,12638,46802,FALSE,1201476231759302656\
Twitter for iPhone,\'93The process has been unfair. Republicans can\'92t even get their own witnesses. It gets me that Adam Schiff is not punishable for lying in any way.\'94 @MariaBartiromo,12/2/2019 12:07,15078,59208,FALSE,1201472919299338240\
Twitter for iPhone,U.S. Markets are up as much as 21% since the announcement of Tariffs on 3/1/2018 - and the U.S. is taking in massive amounts of money (and giving some to our farmers who have been targeted by China)!,12/2/2019 11:11,14149,59980,FALSE,1201458758934781953\
Twitter for iPhone,Brazil and Argentina have been presiding over a massive devaluation of their currencies. which is not good for our farmers. Therefore effective immediately I will restore the Tariffs on all Steel &amp; Aluminum that is shipped into the U.S. from those countries. The Federal....,12/2/2019 10:59,20274,76212,FALSE,1201455858636472320\
Twitter for iPhone,.....Reserve should likewise act so that countries of which there are many no longer take advantage of our strong dollar by further devaluing their currencies. This makes it very hard for our manufactures &amp; farmers to fairly export their goods. Lower Rates &amp; Loosen - Fed!,12/2/2019 10:59,11845,46916,FALSE,1201455859731238912\
Twitter for iPhone,\'93It is clear that there is none of the bipartisan support that Speaker Pelosi said for months was essential for Impeachment.\'94 Chris Wallace @FoxNews,12/2/2019 10:55,11409,46485,FALSE,1201454816033198080\
Twitter for iPhone,RT @BLaw: The Trump administration is set to begin nationwide distribution of free HIV prevention medication to uninsured patients on Monda\'85,12/2/2019 10:53,6470,0,TRUE,1201454286284177411\
Twitter for iPhone,RT @PARISDENNARD: \'93I\'92m so proud that President @realDonaldTrump has committed to ending the HIV epidemic in the next 10 years...the fact is\'85,12/2/2019 10:52,7219,0,TRUE,1201454021149630465\
Twitter for iPhone,\'93Trump Economy Breaks Holiday Shopping Records.\'94 @FoxNews,12/2/2019 10:35,13012,55042,FALSE,1201449855991910400\
Twitter for iPhone,Great writer and historian Doug Wead has written a true (not Fake News) account of what is going on in Washington and the White House. His new book INSIDE TRUMP\'92S WHITE HOUSE is an incredible description of a very exciting and successful time in our Country\'92s history. Buy it!,12/2/2019 7:21,14710,60560,FALSE,1201401098571001857\
Twitter for iPhone,\'93Donald Trump was framed back in 2016.\'94 @MariaBartiromo  100% correct Maria and we can never let this happen to another president again!,12/2/2019 4:24,17868,69744,FALSE,1201356316918394881\
Twitter for iPhone,On World AIDS Day The First Lady and I express our support for those living with HIV/AIDS and mourn the lives lost. We reaffirm our commitment to end the HIV/AIDS epidemic....,12/1/2019 18:31,19812,97172,FALSE,1201207249953263617\
Twitter for iPhone,....in America community by community where we will eradicate AIDS in 10 years program already started. American leadership has proven that together we can save lives.,12/1/2019 18:31,11968,56671,FALSE,1201207251035467776}
